date,source,medium,new_users,sessions,engaged_sessions,engagement_rate,transactions,total_revenue
2025-01-01,google,cpc,272,387,212,0.55,20,4631.02
2025-01-01,email,newsletter,248,340,229,0.68,13,3043.75
2025-01-01,tiktok,social,160,239,138,0.58,12,2901.81
2025-01-01,direct,(none),134,195,131,0.67,9,2472.05
2025-01-01,google,organic,36,48,24,0.51,2,444.57
2025-01-01,instagram,social,270,354,205,0.58,16,3178.11
2025-01-01,tiktok,social,167,225,124,0.56,9,2372.7
2025-01-01,direct,(none),239,300,208,0.7,14,3547.95
2025-01-02,tiktok,social,154,227,115,0.51,11,2499.95
2025-01-02,tiktok,social,234,330,222,0.67,14,3043.6
2025-01-02,direct,(none),92,124,81,0.66,4,912.3
2025-01-02,instagram,social,106,129,68,0.53,5,1203.11
2025-01-02,instagram,social,231,311,210,0.68,15,3693.41
2025-01-02,email,newsletter,208,275,165,0.6,13,2616.75
2025-01-02,tiktok,social,227,308,162,0.53,16,4332.57
2025-01-02,google,organic,197,290,183,0.63,14,3843.98
2025-01-02,direct,(none),85,106,56,0.53,4,1046.85
2025-01-02,google,cpc,267,387,204,0.53,20,5032.47
2025-01-02,tiktok,social,172,213,123,0.58,8,2250.1
2025-01-02,direct,(none),83,107,56,0.53,5,1278.47
2025-01-02,google,organic,210,260,134,0.52,10,2158.74
2025-01-03,google,cpc,159,237,135,0.57,6,1336.52
2025-01-03,email,newsletter,44,58,30,0.53,2,513.42
2025-01-03,google,cpc,132,191,133,0.7,6,1334.49
2025-01-03,tiktok,social,195,277,158,0.57,7,1769.11
2025-01-03,direct,(none),191,232,126,0.54,7,1897.06
2025-01-03,instagram,social,89,122,61,0.5,4,887.64
2025-01-03,google,cpc,162,220,139,0.63,8,1787.83
2025-01-03,email,newsletter,158,207,137,0.67,6,1503.03
2025-01-03,direct,(none),74,109,63,0.58,2,557.76
2025-01-04,google,cpc,246,355,190,0.54,22,4956.66
2025-01-04,direct,(none),154,197,113,0.57,9,2135.46
2025-01-04,google,cpc,250,326,190,0.58,19,3983.82
2025-01-04,email,newsletter,200,259,177,0.68,16,3237.33
2025-01-04,tiktok,social,303,393,200,0.51,18,4379.45
2025-01-04,tiktok,social,74,107,66,0.62,5,1099.08
2025-01-04,google,organic,178,218,130,0.6,13,3135.14
2025-01-04,direct,(none),270,352,208,0.59,20,4681.3
2025-01-05,tiktok,social,149,222,126,0.57,8,2193.89
2025-01-05,direct,(none),197,251,166,0.66,11,3010.9
2025-01-05,email,newsletter,235,304,179,0.59,12,3341.11
2025-01-05,google,organic,156,214,124,0.58,8,2175.07
2025-01-05,google,cpc,206,296,165,0.56,10,2301.11
2025-01-05,instagram,social,43,55,38,0.7,2,512.4
2025-01-05,tiktok,social,227,293,158,0.54,9,2043.5
2025-01-05,tiktok,social,34,45,23,0.52,1,215.32
2025-01-05,tiktok,social,153,214,138,0.65,8,2245.73
2025-01-05,direct,(none),197,262,145,0.55,12,3196.43
2025-01-06,google,cpc,80,105,52,0.5,2,577.94
2025-01-06,google,cpc,124,167,107,0.64,7,1904.69
2025-01-06,google,cpc,137,194,120,0.62,6,1696.66
2025-01-06,tiktok,social,107,142,80,0.57,4,1022.58
2025-01-06,direct,(none),74,94,60,0.64,2,613.65
2025-01-06,google,cpc,78,101,59,0.59,3,893.65
2025-01-06,direct,(none),59,77,53,0.69,2,588.48
2025-01-07,instagram,social,156,225,153,0.68,7,1661.33
2025-01-07,tiktok,social,158,195,120,0.62,8,2177.4
2025-01-07,google,cpc,152,218,135,0.62,10,2878.52
2025-01-07,google,cpc,172,252,149,0.59,7,1803.92
2025-01-07,email,newsletter,137,179,95,0.54,6,1514.88
2025-01-07,email,newsletter,144,211,124,0.59,9,2020.78
2025-01-07,google,cpc,49,69,45,0.66,2,471.12
2025-01-07,instagram,social,44,55,27,0.51,1,233.59
2025-01-07,email,newsletter,65,82,47,0.58,3,789.25
2025-01-08,google,organic,51,66,34,0.52,2,525.95
2025-01-08,direct,(none),135,174,102,0.59,3,717.68
2025-01-08,instagram,social,52,63,42,0.68,2,475.53
2025-01-08,tiktok,social,56,82,57,0.7,1,315.91
2025-01-08,google,organic,111,141,89,0.64,2,512.21
2025-01-08,email,newsletter,125,170,101,0.6,2,514.24
2025-01-08,tiktok,social,68,99,58,0.59,2,599.16
2025-01-08,instagram,social,133,161,102,0.63,3,697.29
2025-01-08,google,cpc,118,146,79,0.54,5,1191.24
2025-01-08,google,organic,105,136,94,0.7,4,942.22
2025-01-08,google,organic,51,72,41,0.57,1,257.85
2025-01-09,instagram,social,267,367,240,0.66,14,3880.6
2025-01-09,email,newsletter,218,282,170,0.6,15,4047.08
2025-01-09,google,cpc,250,304,208,0.69,13,3565.18
2025-01-09,google,cpc,220,313,195,0.62,12,2594.08
2025-01-09,instagram,social,71,89,53,0.6,3,649.5
2025-01-09,tiktok,social,72,91,56,0.62,4,958.54
2025-01-10,google,cpc,39,48,27,0.57,1,267.7
2025-01-10,google,organic,145,184,93,0.51,4,1194.32
2025-01-10,email,newsletter,89,116,68,0.59,3,785.04
2025-01-10,direct,(none),54,65,35,0.55,1,260.56
2025-01-10,direct,(none),48,69,48,0.7,2,562.3
2025-01-10,direct,(none),122,160,102,0.64,6,1530.89
2025-01-11,google,organic,43,54,37,0.7,2,416.06
2025-01-11,google,cpc,268,379,255,0.67,22,4725.02
2025-01-11,email,newsletter,260,344,177,0.52,16,3065.4
2025-01-11,tiktok,social,239,345,181,0.53,19,4103.69
2025-01-11,instagram,social,82,116,73,0.64,6,1622.53
2025-01-11,direct,(none),41,54,35,0.66,2,516.9
2025-01-11,google,cpc,172,246,157,0.64,10,2068.53
2025-01-11,google,cpc,231,291,150,0.52,14,2855.23
2025-01-12,instagram,social,53,77,51,0.67,3,805.15
2025-01-12,tiktok,social,157,211,123,0.59,9,1984.81
2025-01-12,instagram,social,215,270,160,0.59,13,3232.85
2025-01-12,instagram,social,127,185,104,0.56,7,2012.52
2025-01-12,direct,(none),92,131,68,0.53,5,1304.99
2025-01-12,google,cpc,64,93,47,0.51,3,697.99
2025-01-13,google,cpc,88,105,54,0.52,2,462.56
2025-01-13,tiktok,social,67,100,69,0.7,2,586.43
2025-01-13,google,organic,152,191,110,0.58,6,1401.47
2025-01-13,direct,(none),28,38,24,0.65,1,278.18
2025-01-13,google,organic,174,214,118,0.55,8,2382.68
2025-01-13,instagram,social,32,39,26,0.68,1,293.8
2025-01-14,direct,(none),80,115,62,0.54,2,469.29
2025-01-14,instagram,social,35,42,22,0.54,0,0.0
2025-01-14,google,cpc,86,109,72,0.67,1,304.0
2025-01-14,google,organic,106,142,87,0.61,4,1048.57
2025-01-14,instagram,social,76,111,72,0.66,2,639.25
2025-01-14,tiktok,social,92,130,88,0.68,2,581.02
2025-01-14,google,organic,37,52,28,0.55,1,264.59
2025-01-14,google,organic,101,122,79,0.65,3,826.61
2025-01-14,email,newsletter,142,175,120,0.69,3,948.46
2025-01-15,google,cpc,144,210,107,0.51,6,1466.99
2025-01-15,direct,(none),25,35,20,0.58,0,0.0
2025-01-15,direct,(none),53,66,38,0.58,1,323.67
2025-01-15,google,organic,141,199,132,0.67,3,763.64
2025-01-15,instagram,social,28,38,24,0.64,1,262.59
2025-01-15,google,organic,146,197,137,0.7,3,686.76
2025-01-15,google,cpc,28,34,21,0.64,1,317.78
2025-01-16,email,newsletter,182,271,148,0.55,8,2390.61
2025-01-16,tiktok,social,96,122,79,0.65,4,1041.41
2025-01-16,tiktok,social,170,218,125,0.57,6,1527.92
2025-01-16,google,cpc,148,198,116,0.59,5,1321.78
2025-01-16,email,newsletter,130,161,111,0.69,4,1150.98
2025-01-16,google,organic,110,153,99,0.65,3,748.5
2025-01-16,tiktok,social,80,99,56,0.57,3,734.25
2025-01-16,direct,(none),174,236,147,0.63,5,1429.25
2025-01-16,google,cpc,158,212,126,0.59,7,1846.38
2025-01-17,email,newsletter,140,172,108,0.63,3,888.17
2025-01-17,tiktok,social,87,117,75,0.64,4,1259.17
2025-01-17,instagram,social,24,31,15,0.5,0,0.0
2025-01-17,tiktok,social,124,178,100,0.56,5,1478.93
2025-01-17,email,newsletter,120,164,102,0.63,3,768.15
2025-01-17,direct,(none),115,146,102,0.7,3,862.38
2025-01-17,tiktok,social,145,188,94,0.5,5,1314.5
2025-01-17,email,newsletter,85,109,72,0.67,2,641.55
2025-01-17,google,organic,63,94,63,0.67,2,534.45
2025-01-17,direct,(none),24,33,21,0.64,0,0.0
2025-01-18,direct,(none),195,238,172,0.73,15,2546.8
2025-01-18,direct,(none),93,131,92,0.7,8,1636.24
2025-01-18,email,newsletter,75,104,73,0.7,6,988.08
2025-01-18,google,cpc,310,425,266,0.63,29,5106.83
2025-01-18,tiktok,social,278,338,248,0.73,24,4754.2
2025-01-18,instagram,social,340,478,304,0.64,35,6933.98
2025-01-18,google,cpc,182,256,155,0.61,17,2756.04
2025-01-18,direct,(none),104,130,85,0.66,7,1185.12
2025-01-18,google,cpc,233,315,213,0.68,20,3427.48
2025-01-19,tiktok,social,235,315,196,0.62,19,3622.31
2025-01-19,instagram,social,137,204,103,0.51,10,2574.79
2025-01-19,tiktok,social,83,117,74,0.64,6,1422.49
2025-01-19,instagram,social,164,215,115,0.54,11,2590.68
2025-01-19,instagram,social,228,335,217,0.65,17,3914.45
2025-01-19,tiktok,social,143,192,100,0.52,11,2739.14
2025-01-20,instagram,social,197,258,161,0.63,10,2405.89
2025-01-20,email,newsletter,69,86,53,0.62,4,877.09
2025-01-20,google,organic,38,49,27,0.55,1,206.1
2025-01-20,email,newsletter,78,115,69,0.61,5,1283.38
2025-01-20,email,newsletter,147,201,120,0.6,7,2010.29
2025-01-20,tiktok,social,131,159,81,0.51,5,1315.92
2025-01-20,google,organic,220,326,199,0.61,12,3038.28
2025-01-20,instagram,social,210,269,166,0.62,12,2550.51
2025-01-20,google,organic,131,175,91,0.52,7,1920.72
2025-01-20,tiktok,social,234,287,198,0.69,11,2884.67
2025-01-21,direct,(none),261,333,215,0.65,16,4160.17
2025-01-21,tiktok,social,234,328,168,0.52,16,3689.46
2025-01-21,tiktok,social,215,308,181,0.59,15,3432.67
2025-01-21,tiktok,social,234,325,166,0.51,16,4210.72
2025-01-21,email,newsletter,81,102,66,0.65,4,906.05
2025-01-21,tiktok,social,62,80,53,0.66,4,832.96
2025-01-22,email,newsletter,201,293,178,0.61,17,4042.94
2025-01-22,tiktok,social,171,221,136,0.62,13,3251.88
2025-01-22,direct,(none),149,221,123,0.56,11,2860.84
2025-01-22,tiktok,social,115,158,110,0.7,9,2149.81
2025-01-22,google,cpc,286,420,215,0.51,25,5633.39
2025-01-22,google,organic,246,350,237,0.68,18,4639.59
2025-01-22,instagram,social,184,237,144,0.61,11,2590.48
2025-01-22,instagram,social,188,270,186,0.69,12,2585.63
2025-01-23,direct,(none),100,122,67,0.55,2,612.91
2025-01-23,direct,(none),45,55,27,0.5,1,243.22
2025-01-23,tiktok,social,25,37,24,0.66,1,249.58
2025-01-23,google,organic,55,80,40,0.5,1,228.11
2025-01-23,google,organic,114,155,81,0.53,4,940.5
2025-01-23,instagram,social,89,106,58,0.55,1,276.21
2025-01-23,google,cpc,108,154,91,0.6,3,864.22
2025-01-23,google,organic,65,95,58,0.62,1,234.26
2025-01-23,direct,(none),22,27,18,0.67,0,0.0
2025-01-23,email,newsletter,108,146,79,0.54,4,1222.65
2025-01-24,direct,(none),105,148,89,0.61,4,1047.76
2025-01-24,email,newsletter,46,58,32,0.56,1,232.39
2025-01-24,tiktok,social,68,96,61,0.64,2,566.95
2025-01-24,instagram,social,39,53,28,0.53,1,227.76
2025-01-25,google,cpc,149,212,131,0.62,12,3119.11
2025-01-25,google,cpc,180,250,141,0.57,14,3197.17
2025-01-25,email,newsletter,54,76,45,0.6,4,868.83
2025-01-25,google,organic,76,103,62,0.6,4,739.25
2025-01-25,direct,(none),118,149,74,0.5,9,2389.65
2025-01-25,direct,(none),289,422,242,0.57,23,5244.1
2025-01-25,google,cpc,68,99,54,0.55,6,1564.28
2025-01-25,google,organic,139,184,96,0.52,7,1836.81
2025-01-25,google,cpc,199,250,125,0.5,14,2623.2
2025-01-25,google,cpc,168,248,141,0.57,10,1989.54
2025-01-26,direct,(none),182,255,167,0.66,11,2445.22
2025-01-26,tiktok,social,134,181,102,0.57,6,1711.16
2025-01-26,instagram,social,179,231,145,0.63,10,2527.95
2025-01-26,instagram,social,232,317,178,0.56,13,3235.53
2025-01-26,instagram,social,123,181,115,0.64,6,1534.99
2025-01-26,direct,(none),84,107,69,0.65,4,1018.1
2025-01-26,tiktok,social,104,140,72,0.52,5,1090.11
2025-01-26,direct,(none),238,331,211,0.64,16,3897.83
2025-01-26,email,newsletter,238,302,202,0.67,11,2472.03
2025-01-26,instagram,social,65,91,47,0.52,4,851.08
2025-01-27,instagram,social,258,356,232,0.65,19,4268.9
2025-01-27,direct,(none),281,383,236,0.62,18,3499.64
2025-01-27,direct,(none),174,218,131,0.6,10,2661.51
2025-01-28,google,organic,134,168,86,0.51,8,1778.07
2025-01-28,google,cpc,152,212,107,0.51,7,1758.43
2025-01-28,google,organic,104,141,87,0.62,7,1744.38
2025-01-28,google,cpc,129,175,102,0.59,8,2092.68
2025-01-28,tiktok,social,245,351,194,0.55,16,3620.87
2025-01-28,tiktok,social,169,218,124,0.57,9,2188.59
2025-01-28,tiktok,social,266,325,208,0.64,17,4672.23
2025-01-28,google,cpc,195,266,161,0.61,11,2413.06
2025-01-28,google,organic,260,363,220,0.61,16,3079.5
2025-01-29,google,cpc,120,164,85,0.52,3,937.26
2025-01-29,tiktok,social,40,54,31,0.58,0,0.0
2025-01-29,google,cpc,82,120,72,0.6,3,833.87
2025-01-30,google,cpc,104,126,69,0.55,3,963.81
2025-01-30,google,organic,75,93,50,0.54,2,577.06
2025-01-30,instagram,social,56,72,40,0.56,1,258.33
2025-01-30,direct,(none),87,123,67,0.55,2,638.69
2025-01-30,direct,(none),134,179,102,0.57,5,1187.77
2025-01-30,direct,(none),72,105,59,0.56,2,553.52
2025-01-30,email,newsletter,65,87,56,0.65,2,611.75
2025-01-30,google,cpc,120,168,113,0.67,5,1308.72
2025-01-30,instagram,social,133,161,105,0.65,2,612.76
2025-01-30,email,newsletter,121,162,103,0.64,5,1600.55
2025-01-30,tiktok,social,127,181,94,0.52,4,1138.44
2025-01-30,google,cpc,57,82,46,0.56,1,289.67
2025-01-30,direct,(none),150,217,149,0.69,5,1270.0
2025-01-30,tiktok,social,112,151,97,0.65,4,1209.21
2025-01-30,tiktok,social,40,57,36,0.64,0,0.0
2025-01-31,instagram,social,138,199,124,0.63,5,1138.22
2025-01-31,tiktok,social,70,99,67,0.68,3,924.0
2025-01-31,direct,(none),65,83,51,0.62,2,497.2
2025-01-31,direct,(none),46,60,31,0.52,1,267.96
2025-01-31,tiktok,social,140,203,132,0.65,3,908.62
2025-01-31,tiktok,social,52,70,39,0.57,2,482.02
2025-01-31,google,organic,20,28,19,0.7,0,0.0
2025-01-31,tiktok,social,46,63,36,0.58,1,324.65
2025-01-31,direct,(none),21,29,19,0.67,0,0.0
2025-01-31,direct,(none),42,56,35,0.64,1,264.12
2025-02-01,instagram,social,135,164,88,0.54,7,1908.21
2025-02-01,email,newsletter,110,155,107,0.69,8,2258.26
2025-02-01,google,cpc,115,141,85,0.6,7,1937.68
2025-02-02,google,cpc,95,133,83,0.63,8,1838.6
2025-02-02,google,organic,149,220,131,0.6,13,2615.02
2025-02-02,google,organic,122,164,87,0.54,7,1585.55
2025-02-02,direct,(none),114,154,91,0.59,6,1163.81
2025-02-02,instagram,social,45,59,37,0.64,2,478.37
2025-02-02,tiktok,social,112,165,103,0.63,7,1530.82
2025-02-02,direct,(none),81,112,57,0.51,6,1221.35
2025-02-02,direct,(none),66,87,55,0.63,4,896.06
2025-02-02,email,newsletter,56,77,49,0.64,3,662.24
2025-02-02,tiktok,social,257,314,171,0.55,17,3434.72
2025-02-02,google,cpc,251,367,233,0.64,20,4839.74
2025-02-03,instagram,social,65,94,61,0.65,1,225.78
2025-02-03,google,organic,69,83,42,0.52,1,230.73
2025-02-03,google,organic,137,164,103,0.63,2,620.44
2025-02-03,email,newsletter,71,99,62,0.63,3,759.72
2025-02-03,direct,(none),98,140,90,0.65,2,499.29
2025-02-03,instagram,social,91,125,66,0.54,3,695.41
2025-02-04,google,cpc,98,130,67,0.52,3,866.01
2025-02-04,email,newsletter,49,71,37,0.53,2,474.8
2025-02-04,direct,(none),110,144,91,0.64,4,917.79
2025-02-04,instagram,social,133,181,94,0.52,3,910.39
2025-02-04,email,newsletter,146,175,105,0.6,4,1138.86
2025-02-05,tiktok,social,119,153,95,0.62,8,1541.34
2025-02-05,email,newsletter,338,483,274,0.57,29,5316.53
2025-02-05,email,newsletter,119,155,89,0.58,7,1302.96
2025-02-05,direct,(none),176,226,150,0.66,11,2389.04
2025-02-05,tiktok,social,180,225,125,0.56,13,2605.17
2025-02-05,google,organic,332,433,253,0.59,23,5564.52
2025-02-05,email,newsletter,140,190,123,0.65,8,2044.0
2025-02-05,google,organic,194,240,157,0.66,15,2805.26
2025-02-05,google,organic,187,229,170,0.74,10,1969.51
2025-02-06,tiktok,social,126,152,95,0.63,7,1297.19
2025-02-06,direct,(none),273,405,250,0.62,23,5723.2
2025-02-06,tiktok,social,318,419,285,0.68,25,5284.98
2025-02-06,direct,(none),132,168,110,0.66,7,1318.01
2025-02-06,google,cpc,248,355,247,0.7,15,2843.0
2025-02-06,email,newsletter,188,270,144,0.53,15,3259.74
2025-02-07,instagram,social,96,143,74,0.52,6,1558.69
2025-02-07,email,newsletter,62,78,53,0.69,4,814.94
2025-02-07,google,cpc,207,287,186,0.65,17,3428.28
2025-02-07,email,newsletter,213,316,191,0.61,19,4618.99
2025-02-07,google,organic,207,267,142,0.53,12,2553.34
2025-02-07,google,cpc,306,373,207,0.56,20,4642.67
2025-02-08,email,newsletter,177,239,141,0.59,10,2415.65
2025-02-08,tiktok,social,229,342,221,0.65,12,2656.51
2025-02-08,direct,(none),78,102,60,0.6,3,608.31
2025-02-08,email,newsletter,182,237,120,0.51,10,2272.44
2025-02-08,tiktok,social,170,211,139,0.66,7,1869.71
2025-02-08,email,newsletter,180,244,160,0.66,9,2340.57
2025-02-08,direct,(none),220,297,207,0.7,11,2611.34
2025-02-08,direct,(none),49,66,45,0.69,2,569.25
2025-02-08,email,newsletter,199,292,190,0.65,13,3289.52
2025-02-08,instagram,social,220,316,182,0.58,9,2082.12
2025-02-09,tiktok,social,136,202,125,0.62,9,2242.21
2025-02-09,tiktok,social,285,397,213,0.54,20,4991.25
2025-02-09,tiktok,social,96,116,76,0.66,5,1126.14
2025-02-09,email,newsletter,231,290,174,0.6,13,2711.76
2025-02-09,tiktok,social,258,380,196,0.52,18,4418.16
2025-02-09,tiktok,social,252,337,171,0.51,17,4073.09
2025-02-09,google,organic,231,332,192,0.58,13,2582.39
2025-02-09,google,cpc,167,202,113,0.56,9,2019.41
2025-02-10,email,newsletter,224,304,180,0.59,9,1862.13
2025-02-10,google,cpc,44,54,32,0.6,2,533.92
2025-02-10,google,cpc,136,183,115,0.63,6,1230.73
2025-02-10,google,cpc,108,140,85,0.61,6,1689.49
2025-02-10,direct,(none),179,254,169,0.67,10,2498.61
2025-02-10,google,cpc,113,138,96,0.7,4,978.83
2025-02-10,instagram,social,48,64,39,0.61,2,513.34
2025-02-10,google,organic,204,256,157,0.61,9,1866.19
2025-02-10,tiktok,social,160,218,124,0.57,8,1975.19
2025-02-10,email,newsletter,174,239,160,0.67,8,2290.84
2025-02-11,instagram,social,157,233,147,0.63,7,1977.95
2025-02-11,tiktok,social,111,156,108,0.69,3,826.93
2025-02-11,instagram,social,80,109,62,0.57,3,801.93
2025-02-11,google,organic,126,185,125,0.68,5,1180.01
2025-02-11,direct,(none),117,141,79,0.56,4,868.55
2025-02-12,email,newsletter,109,153,105,0.69,8,1740.8
2025-02-12,direct,(none),235,293,183,0.63,15,3638.02
2025-02-12,direct,(none),58,75,49,0.65,2,526.6
2025-02-12,google,cpc,243,305,161,0.53,17,3221.55
2025-02-12,email,newsletter,123,148,84,0.57,7,1906.26
2025-02-12,instagram,social,278,356,198,0.56,18,3822.2
2025-02-12,google,organic,49,60,32,0.54,2,431.6
2025-02-12,email,newsletter,166,201,130,0.65,8,1824.15
2025-02-12,google,cpc,141,204,114,0.56,9,2092.45
2025-02-12,tiktok,social,78,99,67,0.69,4,830.48
2025-02-13,tiktok,social,140,204,137,0.67,9,1856.66
2025-02-13,instagram,social,63,76,45,0.6,4,746.57
2025-02-13,google,cpc,124,150,111,0.74,9,2194.09
2025-02-13,email,newsletter,205,255,140,0.55,12,2761.63
2025-02-13,email,newsletter,140,177,120,0.68,10,2002.15
2025-02-13,instagram,social,99,139,77,0.56,8,1952.0
2025-02-13,google,organic,187,242,164,0.68,13,2397.85
2025-02-13,tiktok,social,183,245,147,0.6,12,2464.13
2025-02-13,google,cpc,94,123,91,0.75,7,1616.27
2025-02-14,google,cpc,90,117,63,0.54,3,748.77
2025-02-14,google,organic,71,86,53,0.63,2,644.29
2025-02-14,google,cpc,85,108,71,0.67,2,521.13
2025-02-14,google,organic,21,26,16,0.62,0,0.0
2025-02-14,direct,(none),149,198,105,0.53,5,1218.73
2025-02-14,google,cpc,128,185,122,0.66,4,1154.75
2025-02-14,google,cpc,103,125,68,0.55,2,644.06
2025-02-14,instagram,social,58,84,44,0.53,1,302.34
2025-02-14,tiktok,social,46,57,34,0.61,1,320.13
2025-02-14,tiktok,social,146,177,94,0.54,6,1351.26
2025-02-15,google,cpc,67,94,48,0.52,4,957.12
2025-02-15,google,organic,240,337,197,0.59,11,2606.21
2025-02-15,direct,(none),86,126,74,0.59,4,885.53
2025-02-15,email,newsletter,61,74,50,0.69,3,715.71
2025-02-15,email,newsletter,144,187,108,0.58,7,1747.31
2025-02-15,google,organic,165,231,148,0.64,12,3277.32
2025-02-15,tiktok,social,242,301,204,0.68,11,2425.24
2025-02-15,instagram,social,72,102,54,0.53,4,996.82
2025-02-16,google,cpc,241,307,203,0.66,16,4158.44
2025-02-16,instagram,social,101,135,88,0.65,6,1133.72
2025-02-16,tiktok,social,156,223,117,0.53,10,2008.99
2025-02-16,direct,(none),68,82,49,0.6,3,670.74
2025-02-16,google,cpc,143,193,131,0.68,10,2531.71
2025-02-17,google,cpc,21,29,15,0.53,0,0.0
2025-02-17,tiktok,social,81,108,72,0.67,1,284.44
2025-02-17,email,newsletter,98,142,90,0.64,4,1037.23
2025-02-17,google,cpc,67,94,49,0.53,2,630.55
2025-02-17,google,organic,48,65,37,0.58,1,279.76
2025-02-17,tiktok,social,34,48,26,0.56,1,307.29
2025-02-17,direct,(none),150,181,98,0.54,4,961.73
2025-02-17,google,cpc,69,98,66,0.68,2,509.92
2025-02-17,tiktok,social,150,193,113,0.59,5,1416.81
2025-02-17,google,cpc,121,158,96,0.61,2,528.01
2025-02-17,instagram,social,64,77,53,0.69,1,244.08
2025-02-18,email,newsletter,51,75,43,0.58,2,567.2
2025-02-18,google,organic,37,49,26,0.55,1,266.37
2025-02-18,instagram,social,65,87,59,0.68,1,273.48
2025-02-19,email,newsletter,188,278,147,0.53,7,2122.12
2025-02-19,email,newsletter,183,272,189,0.7,6,1695.13
2025-02-19,direct,(none),49,59,39,0.67,1,266.81
2025-02-19,google,organic,131,165,101,0.62,6,1549.2
2025-02-19,tiktok,social,187,265,143,0.54,9,2262.46
2025-02-19,direct,(none),32,42,22,0.54,1,278.56
2025-02-19,instagram,social,143,182,119,0.66,7,1749.72
2025-02-19,instagram,social,29,42,22,0.54,1,294.95
2025-02-20,tiktok,social,83,112,83,0.75,6,1143.41
2025-02-20,google,organic,240,339,243,0.72,19,3619.89
2025-02-20,google,cpc,249,300,169,0.56,17,3020.52
2025-02-20,instagram,social,304,417,260,0.62,28,6987.28
2025-02-20,email,newsletter,342,496,280,0.56,32,6087.75
2025-02-20,google,cpc,104,143,80,0.56,8,1786.04
2025-02-21,email,newsletter,83,103,56,0.55,2,480.73
2025-02-21,google,cpc,30,38,24,0.65,0,0.0
2025-02-21,tiktok,social,44,55,38,0.69,1,230.14
2025-02-21,instagram,social,67,83,53,0.64,2,542.02
2025-02-21,email,newsletter,59,75,42,0.57,2,595.22
2025-02-21,google,cpc,24,32,20,0.65,0,0.0
2025-02-21,google,organic,42,51,30,0.6,1,285.11
2025-02-21,tiktok,social,71,87,43,0.5,1,234.64
2025-02-21,google,cpc,101,142,75,0.53,4,1144.61
2025-02-21,google,organic,128,165,86,0.52,2,477.66
2025-02-21,email,newsletter,65,95,59,0.63,1,270.09
2025-02-21,tiktok,social,88,117,73,0.63,3,931.61
2025-02-21,instagram,social,129,166,110,0.67,3,689.79
2025-02-22,instagram,social,276,394,238,0.61,20,4989.69
2025-02-22,tiktok,social,187,270,186,0.69,11,2435.68
2025-02-22,instagram,social,298,365,217,0.6,17,3525.61
2025-02-22,direct,(none),78,106,63,0.6,5,1041.23
2025-02-22,google,cpc,115,158,104,0.66,7,1817.38
2025-02-22,tiktok,social,121,176,99,0.57,9,2308.2
2025-02-22,email,newsletter,204,256,178,0.7,13,3271.45
2025-02-22,direct,(none),82,99,66,0.67,4,1006.38
2025-02-22,direct,(none),72,92,55,0.6,4,902.23
2025-02-23,instagram,social,90,120,74,0.62,5,1227.08
2025-02-23,google,organic,71,104,52,0.51,4,831.29
2025-02-23,google,organic,217,300,209,0.7,11,2488.9
2025-02-23,google,organic,49,61,39,0.64,2,440.54
2025-02-23,email,newsletter,40,54,31,0.59,2,404.93
2025-02-23,direct,(none),151,192,102,0.53,8,1713.93
2025-02-23,google,organic,112,147,96,0.66,7,1520.47
2025-02-24,google,organic,235,330,184,0.56,20,4345.33
2025-02-24,tiktok,social,286,420,306,0.73,27,5452.95
2025-02-24,instagram,social,388,505,286,0.57,34,6268.07
2025-02-24,google,cpc,200,294,177,0.6,21,4052.39
2025-02-24,instagram,social,351,506,353,0.7,38,7656.39
2025-02-24,direct,(none),377,495,345,0.7,30,6845.46
2025-02-24,google,cpc,268,348,215,0.62,26,6010.44
2025-02-24,tiktok,social,265,320,217,0.68,20,4280.3
2025-02-24,email,newsletter,184,248,156,0.63,17,3667.44
2025-02-25,google,cpc,228,338,196,0.58,20,4411.66
2025-02-25,direct,(none),271,401,299,0.75,24,4602.5
2025-02-25,email,newsletter,109,135,99,0.74,6,1346.76
2025-02-25,email,newsletter,90,133,75,0.57,8,1502.34
2025-02-25,instagram,social,111,154,102,0.67,8,1680.44
2025-02-25,google,cpc,245,362,261,0.72,18,3526.13
2025-02-25,tiktok,social,178,229,158,0.69,15,3331.36
2025-02-25,direct,(none),283,377,217,0.58,19,4028.98
2025-02-26,direct,(none),175,231,128,0.55,14,2676.41
2025-02-26,instagram,social,68,95,67,0.71,6,1289.45
2025-02-26,google,organic,154,212,148,0.7,14,2458.7
2025-02-26,tiktok,social,319,447,271,0.61,28,4737.09
2025-02-27,instagram,social,63,83,54,0.65,2,625.55
2025-02-27,google,cpc,82,108,61,0.57,3,752.33
2025-02-27,tiktok,social,82,106,67,0.64,2,491.03
2025-02-27,google,organic,85,115,72,0.63,1,244.18
2025-02-27,email,newsletter,89,132,66,0.51,3,922.31
2025-02-27,instagram,social,106,140,75,0.54,3,727.52
2025-02-27,tiktok,social,127,163,95,0.58,5,1164.28
2025-02-28,tiktok,social,32,39,25,0.66,1,260.18
2025-02-28,email,newsletter,122,163,82,0.5,4,1173.27
2025-02-28,direct,(none),54,67,44,0.67,1,225.62
2025-02-28,email,newsletter,78,94,47,0.5,3,696.57
2025-02-28,google,cpc,92,122,70,0.58,2,461.26
2025-02-28,email,newsletter,125,169,110,0.65,3,945.06
2025-02-28,tiktok,social,59,88,51,0.59,2,453.91
2025-02-28,email,newsletter,64,78,49,0.63,2,530.7
2025-02-28,email,newsletter,80,110,70,0.64,3,769.65
2025-02-28,instagram,social,133,173,97,0.56,4,929.83
2025-02-28,google,organic,84,104,62,0.6,3,741.26
2025-02-28,google,organic,72,96,56,0.59,2,469.07
2025-03-01,direct,(none),239,288,171,0.6,14,3776.22
2025-03-01,google,cpc,224,302,207,0.69,11,2771.07
2025-03-01,google,organic,156,231,143,0.62,12,3232.97
2025-03-01,google,organic,255,381,208,0.55,18,4606.91
2025-03-01,google,cpc,204,279,185,0.66,12,2759.8
2025-03-01,tiktok,social,128,160,100,0.63,8,2051.29
2025-03-01,email,newsletter,121,174,117,0.67,7,1539.83
2025-03-01,google,organic,71,95,53,0.57,3,647.91
2025-03-01,email,newsletter,88,129,70,0.54,6,1536.95
2025-03-01,email,newsletter,218,272,147,0.54,13,3055.75
2025-03-01,tiktok,social,57,82,57,0.7,3,828.41
2025-03-01,direct,(none),141,208,105,0.51,11,3063.91
2025-03-01,email,newsletter,163,225,115,0.51,9,2413.05
2025-03-01,direct,(none),64,90,53,0.59,3,773.71
2025-03-02,tiktok,social,175,250,126,0.5,8,1621.74
2025-03-02,google,organic,53,72,42,0.59,3,653.69
2025-03-02,instagram,social,258,313,193,0.62,15,3553.32
2025-03-02,direct,(none),51,67,39,0.59,3,637.12
2025-03-02,instagram,social,116,169,105,0.62,6,1330.99
2025-03-02,tiktok,social,34,48,28,0.59,2,456.46
2025-03-03,email,newsletter,157,201,116,0.58,7,2064.08
2025-03-03,tiktok,social,171,245,170,0.7,10,2354.67
2025-03-03,google,organic,57,74,41,0.56,2,582.58
2025-03-03,google,organic,63,85,53,0.63,2,583.9
2025-03-03,email,newsletter,180,249,155,0.62,10,2712.68
2025-03-03,tiktok,social,28,40,26,0.67,1,246.45
2025-03-03,instagram,social,66,84,54,0.65,2,465.91
2025-03-03,direct,(none),49,62,43,0.7,1,225.42
2025-03-03,tiktok,social,105,151,84,0.56,5,1439.81
2025-03-03,instagram,social,79,103,71,0.69,2,454.68
2025-03-04,instagram,social,379,528,359,0.68,36,8111.73
2025-03-04,google,cpc,303,444,282,0.64,28,6031.92
2025-03-04,tiktok,social,86,118,78,0.67,8,1702.62
2025-03-04,email,newsletter,159,215,136,0.63,13,2700.0
2025-03-04,google,organic,110,151,85,0.57,11,2201.56
2025-03-04,instagram,social,319,447,304,0.68,32,6241.5
2025-03-04,instagram,social,246,308,195,0.63,18,4049.62
2025-03-04,tiktok,social,364,474,272,0.57,28,6491.1
2025-03-04,google,cpc,356,512,311,0.61,37,8759.94
2025-03-04,google,cpc,337,441,290,0.66,28,5705.82
2025-03-05,tiktok,social,220,304,171,0.56,13,3409.33
2025-03-05,direct,(none),123,150,81,0.54,6,1536.78
2025-03-05,tiktok,social,148,204,128,0.63,7,1745.22
2025-03-05,tiktok,social,193,234,122,0.52,8,1859.07
2025-03-05,tiktok,social,88,107,55,0.52,4,1054.12
2025-03-05,instagram,social,43,54,33,0.62,1,283.88
2025-03-05,google,organic,44,64,36,0.57,2,448.13
2025-03-05,google,cpc,187,249,159,0.64,11,2887.23
2025-03-05,direct,(none),204,273,185,0.68,9,1942.92
2025-03-05,direct,(none),57,78,41,0.54,3,798.87
2025-03-05,direct,(none),230,310,172,0.56,12,2870.75
2025-03-05,instagram,social,168,231,151,0.65,8,1844.46
2025-03-05,google,cpc,216,322,202,0.63,15,3762.64
2025-03-05,google,organic,187,258,164,0.64,9,2297.86
2025-03-06,direct,(none),67,92,57,0.63,1,240.47
2025-03-06,email,newsletter,64,84,47,0.56,2,593.3
2025-03-06,email,newsletter,148,205,103,0.5,5,1259.49
2025-03-06,tiktok,social,61,81,49,0.62,1,309.43
2025-03-06,google,cpc,139,200,109,0.55,5,1488.06
2025-03-06,instagram,social,135,180,101,0.56,5,1556.52
2025-03-06,direct,(none),78,111,67,0.61,3,721.78
2025-03-07,google,organic,41,57,31,0.55,1,271.37
2025-03-07,tiktok,social,102,126,84,0.67,2,572.85
2025-03-07,google,cpc,72,93,56,0.6,1,238.83
2025-03-07,google,organic,110,156,103,0.66,4,1130.31
2025-03-07,direct,(none),126,177,117,0.66,3,922.61
2025-03-08,instagram,social,213,312,171,0.55,12,2704.46
2025-03-08,instagram,social,242,313,166,0.53,11,2454.9
2025-03-08,tiktok,social,211,307,160,0.52,12,3163.31
2025-03-08,tiktok,social,147,190,101,0.53,8,2022.81
2025-03-08,tiktok,social,149,207,117,0.57,7,1449.96
2025-03-09,google,cpc,64,94,58,0.62,4,829.37
2025-03-09,tiktok,social,92,128,80,0.63,5,1396.77
2025-03-09,direct,(none),94,138,88,0.64,6,1653.76
2025-03-09,email,newsletter,242,300,157,0.53,13,3061.47
2025-03-09,direct,(none),161,236,124,0.53,8,1920.88
2025-03-09,tiktok,social,132,186,101,0.54,8,2011.3
2025-03-09,google,organic,78,100,65,0.66,3,603.0
2025-03-09,tiktok,social,59,80,53,0.67,2,573.0
2025-03-10,google,cpc,26,33,17,0.54,0,0.0
2025-03-10,google,cpc,81,119,82,0.7,3,674.61
2025-03-10,instagram,social,123,171,108,0.63,4,908.29
2025-03-10,tiktok,social,171,246,168,0.69,7,1621.78
2025-03-10,direct,(none),161,223,129,0.58,6,1683.76
2025-03-10,instagram,social,154,229,155,0.68,9,2296.35
2025-03-10,direct,(none),107,136,76,0.57,3,777.29
2025-03-10,email,newsletter,40,58,38,0.66,1,237.32
2025-03-10,google,organic,130,190,129,0.68,7,2144.2
2025-03-10,email,newsletter,133,186,105,0.56,7,1879.83
2025-03-10,tiktok,social,91,119,70,0.59,3,779.19
2025-03-10,instagram,social,88,116,77,0.67,3,751.56
2025-03-10,direct,(none),33,40,20,0.51,1,274.54
2025-03-11,direct,(none),201,259,153,0.59,15,3750.67
2025-03-11,instagram,social,205,257,170,0.66,11,2149.36
2025-03-11,google,organic,162,214,138,0.65,13,3311.09
2025-03-11,email,newsletter,171,253,159,0.63,11,2080.15
2025-03-12,tiktok,social,195,272,155,0.57,10,2826.15
2025-03-12,google,organic,94,113,76,0.68,3,855.96
2025-03-12,direct,(none),114,169,106,0.63,6,1804.07
2025-03-12,google,organic,37,53,28,0.54,1,218.34
2025-03-12,google,cpc,111,160,91,0.57,6,1337.83
2025-03-12,instagram,social,113,149,76,0.51,3,707.01
2025-03-12,instagram,social,156,191,116,0.61,4,902.73
2025-03-12,tiktok,social,48,68,34,0.5,1,224.6
2025-03-12,google,organic,37,47,24,0.53,1,239.68
2025-03-12,email,newsletter,65,84,42,0.51,2,513.78
2025-03-13,email,newsletter,111,137,71,0.52,4,1105.65
2025-03-13,tiktok,social,21,27,15,0.58,0,0.0
2025-03-13,tiktok,social,86,117,77,0.66,4,1021.33
2025-03-13,instagram,social,119,143,72,0.51,4,1298.16
2025-03-13,instagram,social,49,67,34,0.51,2,511.54
2025-03-14,direct,(none),84,107,53,0.5,3,927.49
2025-03-14,google,cpc,83,109,61,0.56,2,547.99
2025-03-14,instagram,social,55,79,54,0.69,1,247.64
2025-03-14,google,cpc,41,55,32,0.59,0,0.0
2025-03-14,tiktok,social,112,135,71,0.53,2,466.88
2025-03-14,tiktok,social,131,161,108,0.67,4,1289.86
2025-03-14,tiktok,social,70,85,48,0.58,2,612.58
2025-03-14,instagram,social,122,181,112,0.62,5,1521.95
2025-03-14,instagram,social,132,196,99,0.51,6,1592.82
2025-03-14,instagram,social,71,104,59,0.57,3,791.16
2025-03-15,google,cpc,114,161,111,0.69,9,2149.18
2025-03-15,tiktok,social,156,198,107,0.54,9,1701.14
2025-03-15,email,newsletter,41,53,36,0.69,2,442.8
2025-03-15,google,cpc,137,166,83,0.5,8,1583.79
2025-03-15,tiktok,social,183,259,136,0.53,15,3283.37
2025-03-15,instagram,social,153,215,114,0.53,10,1894.02
2025-03-15,direct,(none),193,239,153,0.64,10,1961.51
2025-03-15,direct,(none),247,356,204,0.57,16,3184.55
2025-03-15,direct,(none),222,272,157,0.58,16,3525.0
2025-03-15,email,newsletter,120,171,103,0.61,7,1480.93
2025-03-15,google,cpc,41,50,29,0.59,2,494.5
2025-03-16,google,cpc,48,63,42,0.67,2,476.39
2025-03-16,direct,(none),167,233,159,0.68,12,2578.48
2025-03-16,tiktok,social,323,417,257,0.62,22,5191.31
2025-03-16,email,newsletter,90,114,72,0.64,6,1322.67
2025-03-16,google,cpc,138,184,115,0.63,9,1660.27
2025-03-17,tiktok,social,131,171,109,0.64,6,1485.56
2025-03-17,email,newsletter,46,66,44,0.67,2,412.87
2025-03-17,instagram,social,166,220,147,0.67,9,1858.34
2025-03-17,google,cpc,61,81,56,0.7,3,601.41
2025-03-17,email,newsletter,79,103,71,0.69,5,1436.02
2025-03-17,direct,(none),210,266,184,0.69,12,2455.81
2025-03-17,tiktok,social,166,209,126,0.6,10,2797.27
2025-03-18,google,cpc,138,197,124,0.63,10,2490.48
2025-03-18,email,newsletter,65,80,41,0.52,3,748.04
2025-03-18,instagram,social,60,76,50,0.67,2,486.68
2025-03-19,tiktok,social,192,284,142,0.5,7,1731.1
2025-03-19,google,cpc,36,47,31,0.67,1,248.9
2025-03-19,direct,(none),139,193,124,0.64,5,1199.47
2025-03-19,instagram,social,184,221,114,0.52,8,2045.77
2025-03-19,email,newsletter,107,145,87,0.61,3,674.95
2025-03-19,google,cpc,107,140,77,0.55,4,1191.88
2025-03-19,instagram,social,105,146,96,0.66,5,1085.38
2025-03-19,tiktok,social,146,210,114,0.54,5,1287.67
2025-03-20,tiktok,social,188,247,128,0.52,9,2554.41
2025-03-20,instagram,social,113,165,96,0.58,4,996.81
2025-03-20,google,cpc,149,191,110,0.58,4,1013.11
2025-03-20,google,cpc,180,245,135,0.55,8,2332.59
2025-03-20,direct,(none),117,173,97,0.56,6,1308.59
2025-03-20,tiktok,social,159,211,146,0.69,7,1584.05
2025-03-20,instagram,social,49,59,30,0.52,1,276.61
2025-03-21,direct,(none),112,157,81,0.52,5,1421.23
2025-03-21,instagram,social,137,169,101,0.6,4,1215.54
2025-03-21,instagram,social,94,113,62,0.56,1,311.64
2025-03-21,direct,(none),32,41,25,0.62,1,320.67
2025-03-21,tiktok,social,149,184,118,0.64,4,935.67
2025-03-21,email,newsletter,51,71,44,0.63,1,254.54
2025-03-21,instagram,social,69,91,62,0.69,2,471.83
2025-03-21,google,cpc,108,143,92,0.64,4,950.91
2025-03-21,email,newsletter,69,94,60,0.64,2,585.87
2025-03-21,direct,(none),136,176,112,0.64,4,1265.11
2025-03-22,email,newsletter,147,189,108,0.57,11,2072.43
2025-03-22,email,newsletter,74,93,59,0.64,4,846.48
2025-03-22,google,organic,220,274,157,0.57,11,2395.84
2025-03-22,tiktok,social,272,378,255,0.68,18,4154.99
2025-03-22,email,newsletter,280,351,244,0.7,14,3022.07
2025-03-22,direct,(none),222,301,172,0.57,16,3160.6
2025-03-23,email,newsletter,132,173,88,0.51,5,1121.13
2025-03-23,google,cpc,53,63,36,0.58,2,521.68
2025-03-23,google,cpc,66,90,46,0.51,4,856.13
2025-03-23,direct,(none),164,228,129,0.57,10,2037.1
2025-03-23,email,newsletter,151,216,111,0.52,8,1640.88
2025-03-23,email,newsletter,122,157,107,0.68,5,1232.64
2025-03-23,instagram,social,154,214,146,0.68,10,2685.57
2025-03-23,google,organic,94,139,78,0.57,6,1677.25
2025-03-24,google,cpc,249,347,228,0.66,18,4900.28
2025-03-24,instagram,social,242,301,177,0.59,13,3637.76
2025-03-24,tiktok,social,247,309,197,0.64,13,2892.57
2025-03-24,direct,(none),233,310,209,0.68,13,3302.76
2025-03-24,google,organic,181,249,141,0.57,10,2702.89
2025-03-24,direct,(none),263,356,212,0.6,14,2955.25
2025-03-24,tiktok,social,199,288,176,0.61,14,3769.96
2025-03-24,instagram,social,69,102,54,0.53,4,830.81
2025-03-24,direct,(none),128,177,118,0.67,8,1601.17
2025-03-25,instagram,social,129,160,110,0.69,3,744.93
2025-03-25,email,newsletter,140,198,127,0.64,5,1291.14
2025-03-25,email,newsletter,107,156,100,0.65,3,970.05
2025-03-25,email,newsletter,48,70,38,0.55,1,243.0
2025-03-25,email,newsletter,101,139,79,0.57,2,587.28
2025-03-25,direct,(none),137,196,109,0.56,4,1235.83
2025-03-25,email,newsletter,28,35,22,0.65,0,0.0
2025-03-26,email,newsletter,59,82,41,0.51,2,511.17
2025-03-26,instagram,social,26,31,17,0.56,1,259.24
2025-03-26,google,organic,153,200,114,0.57,5,1244.81
2025-03-26,tiktok,social,42,55,28,0.52,1,300.12
2025-03-26,tiktok,social,145,185,111,0.6,6,1366.73
2025-03-26,email,newsletter,122,168,117,0.7,6,1505.24
2025-03-26,direct,(none),76,103,60,0.59,3,924.88
2025-03-26,google,organic,120,145,92,0.64,5,1136.47
2025-03-27,instagram,social,299,441,259,0.59,26,6821.43
2025-03-27,direct,(none),126,178,106,0.6,10,2522.17
2025-03-27,google,organic,131,183,111,0.61,8,1613.13
2025-03-27,direct,(none),191,239,124,0.52,11,2308.9
2025-03-27,google,cpc,74,93,58,0.63,4,983.32
2025-03-27,instagram,social,54,77,42,0.55,3,604.98
2025-03-27,instagram,social,208,263,171,0.65,11,2394.07
2025-03-28,google,cpc,97,121,63,0.53,2,583.39
2025-03-28,tiktok,social,71,86,51,0.6,2,565.84
2025-03-28,tiktok,social,132,180,103,0.57,7,2086.85
2025-03-28,google,organic,133,199,123,0.62,7,1703.7
2025-03-28,google,cpc,161,225,143,0.64,7,1901.97
2025-03-28,instagram,social,146,178,122,0.69,4,912.35
2025-03-28,google,cpc,31,41,25,0.63,1,292.91
2025-03-28,email,newsletter,58,72,38,0.54,2,549.0
2025-03-28,tiktok,social,166,216,121,0.56,8,2163.19
2025-03-28,google,cpc,70,91,61,0.68,3,847.76
2025-03-29,tiktok,social,235,295,169,0.57,10,2051.06
2025-03-29,direct,(none),237,294,194,0.66,13,3047.91
2025-03-29,direct,(none),206,290,202,0.7,13,2971.77
2025-03-29,google,organic,233,312,177,0.57,15,3129.12
2025-03-29,email,newsletter,213,284,169,0.6,15,3378.3
2025-03-29,google,organic,185,274,141,0.51,11,2609.98
2025-03-29,email,newsletter,178,247,141,0.57,9,2332.29
2025-03-29,google,organic,51,63,37,0.59,3,702.07
2025-03-30,direct,(none),87,107,62,0.58,4,1065.72
2025-03-30,instagram,social,110,133,67,0.51,7,1874.82
2025-03-30,google,organic,53,69,40,0.59,3,826.91
2025-03-30,google,cpc,180,257,178,0.69,10,2214.22
2025-03-30,google,organic,247,358,181,0.51,20,4170.88
2025-03-30,direct,(none),131,179,101,0.56,8,2202.01
2025-03-30,google,cpc,169,251,169,0.68,13,3108.93
2025-03-30,google,cpc,152,212,140,0.66,8,1804.17
2025-03-30,google,cpc,152,218,125,0.58,11,2507.71
2025-03-31,tiktok,social,216,302,194,0.65,12,3176.27
2025-03-31,instagram,social,209,274,147,0.54,8,2219.72
2025-03-31,instagram,social,131,194,117,0.61,8,1770.47
2025-03-31,tiktok,social,224,328,218,0.67,10,2507.0
2025-04-01,instagram,social,193,248,143,0.58,7,1743.5
2025-04-01,email,newsletter,70,93,61,0.66,2,509.9
2025-04-01,email,newsletter,144,174,101,0.59,5,1435.69
2025-04-01,direct,(none),70,89,51,0.58,3,897.59
2025-04-01,direct,(none),91,126,76,0.61,4,919.03
2025-04-02,instagram,social,108,150,92,0.62,3,678.85
2025-04-02,google,cpc,149,203,116,0.57,6,1925.55
2025-04-02,tiktok,social,34,47,23,0.5,1,251.53
2025-04-02,instagram,social,71,88,57,0.66,1,253.84
2025-04-02,direct,(none),95,131,85,0.65,4,983.32
2025-04-02,email,newsletter,70,94,61,0.66,2,458.43
2025-04-02,direct,(none),123,178,117,0.66,2,515.16
2025-04-02,direct,(none),30,43,24,0.57,0,0.0
2025-04-03,tiktok,social,114,168,113,0.68,4,1175.75
2025-04-03,instagram,social,33,46,27,0.59,0,0.0
2025-04-03,instagram,social,114,157,81,0.52,3,848.22
2025-04-03,google,organic,27,32,19,0.62,0,0.0
2025-04-03,email,newsletter,105,145,96,0.67,3,768.61
2025-04-03,google,organic,123,175,98,0.56,6,1448.42
2025-04-03,tiktok,social,103,141,96,0.68,3,759.28
2025-04-03,instagram,social,131,171,104,0.61,5,1150.3
2025-04-04,instagram,social,96,135,89,0.67,6,1163.02
2025-04-04,instagram,social,46,63,40,0.64,3,569.28
2025-04-04,direct,(none),167,201,117,0.58,10,2542.96
2025-04-04,google,cpc,171,233,139,0.6,12,2631.18
2025-04-04,instagram,social,191,255,128,0.51,15,3798.69
2025-04-04,tiktok,social,246,343,188,0.55,15,3291.41
2025-04-04,tiktok,social,57,73,45,0.63,4,985.82
2025-04-04,email,newsletter,59,86,48,0.56,4,975.79
2025-04-05,google,cpc,95,140,71,0.51,6,1403.5
2025-04-05,tiktok,social,95,125,85,0.68,5,1145.88
2025-04-05,google,organic,278,382,247,0.65,18,3453.83
2025-04-05,google,organic,287,348,237,0.68,20,4979.61
2025-04-05,tiktok,social,241,302,206,0.69,16,4005.37
2025-04-05,email,newsletter,203,271,141,0.52,13,3428.43
2025-04-05,google,cpc,303,424,217,0.51,20,4457.1
2025-04-06,google,cpc,141,208,116,0.56,8,1861.55
2025-04-06,tiktok,social,156,226,130,0.58,7,1590.04
2025-04-06,email,newsletter,37,45,22,0.51,1,206.49
2025-04-06,direct,(none),61,73,46,0.64,3,712.09
2025-04-06,direct,(none),245,356,235,0.66,14,3807.74
2025-04-06,tiktok,social,204,293,168,0.58,9,2146.63
2025-04-06,tiktok,social,228,277,185,0.67,12,2514.46
2025-04-06,google,organic,96,137,89,0.66,5,1325.42
2025-04-06,google,cpc,172,232,133,0.57,9,1956.81
2025-04-06,email,newsletter,251,305,157,0.52,15,3546.28
2025-04-07,tiktok,social,25,34,18,0.55,0,0.0
2025-04-07,instagram,social,118,168,86,0.52,3,924.93
2025-04-07,email,newsletter,147,209,114,0.55,4,1030.16
2025-04-07,tiktok,social,104,145,82,0.57,4,907.73
2025-04-07,direct,(none),55,68,36,0.53,1,294.29
2025-04-07,instagram,social,107,141,82,0.59,4,988.83
2025-04-07,google,organic,114,163,111,0.68,3,930.09
2025-04-07,instagram,social,73,100,56,0.56,2,529.11
2025-04-08,direct,(none),214,282,160,0.57,13,3200.25
2025-04-08,tiktok,social,151,186,93,0.5,8,1792.86
2025-04-08,email,newsletter,131,161,81,0.51,8,1860.73
2025-04-08,google,organic,76,110,75,0.68,5,1313.79
2025-04-08,email,newsletter,133,171,100,0.59,10,2119.08
2025-04-09,google,organic,63,83,55,0.67,2,462.99
2025-04-09,email,newsletter,138,191,127,0.67,5,1377.04
2025-04-09,instagram,social,106,155,101,0.65,3,783.62
2025-04-09,google,cpc,56,68,42,0.62,2,523.92
2025-04-09,email,newsletter,61,89,61,0.69,3,739.49
2025-04-09,direct,(none),102,142,92,0.65,3,827.5
2025-04-09,instagram,social,64,91,61,0.67,2,600.92
2025-04-09,google,organic,117,153,86,0.56,4,944.14
2025-04-10,instagram,social,149,220,115,0.53,6,1286.06
2025-04-10,google,cpc,189,282,143,0.51,7,1617.45
2025-04-10,instagram,social,169,233,119,0.51,5,1206.98
2025-04-10,direct,(none),159,230,133,0.58,7,1862.34
2025-04-10,google,organic,158,216,143,0.66,7,1798.87
2025-04-10,instagram,social,188,259,134,0.52,8,2447.87
2025-04-10,tiktok,social,84,111,72,0.66,2,476.7
2025-04-10,email,newsletter,105,141,91,0.65,5,1372.83
2025-04-10,email,newsletter,146,196,131,0.67,5,1424.67
2025-04-10,google,cpc,45,65,33,0.51,2,477.43
2025-04-10,direct,(none),80,114,60,0.53,3,894.17
2025-04-11,instagram,social,115,153,79,0.52,4,1072.67
2025-04-11,direct,(none),20,29,18,0.65,0,0.0
2025-04-11,google,organic,130,194,118,0.61,6,1573.84
2025-04-11,direct,(none),82,102,58,0.58,2,489.92
2025-04-11,tiktok,social,136,165,106,0.64,2,578.89
2025-04-11,tiktok,social,40,51,30,0.59,1,258.5
2025-04-11,email,newsletter,142,202,137,0.68,5,1432.62
2025-04-11,instagram,social,83,115,80,0.7,1,289.41
2025-04-12,direct,(none),176,241,154,0.64,12,2433.46
2025-04-12,direct,(none),35,48,30,0.63,2,521.76
2025-04-12,email,newsletter,87,124,83,0.67,5,1093.05
2025-04-12,google,organic,74,106,55,0.53,5,1261.37
2025-04-12,instagram,social,210,288,190,0.66,13,2692.64
2025-04-12,direct,(none),231,341,236,0.69,16,3851.41
2025-04-12,tiktok,social,101,143,97,0.69,6,1502.97
2025-04-12,direct,(none),115,144,100,0.7,5,1125.87
2025-04-12,email,newsletter,105,154,89,0.58,5,1385.8
2025-04-13,google,organic,102,128,71,0.56,7,1699.4
2025-04-13,google,organic,183,267,162,0.61,18,3393.79
2025-04-13,direct,(none),323,392,256,0.65,21,3884.38
2025-04-13,tiktok,social,333,425,270,0.64,27,6600.14
2025-04-13,instagram,social,192,279,174,0.62,16,2998.85
2025-04-13,google,organic,214,315,176,0.56,19,4521.82
2025-04-13,instagram,social,335,474,332,0.7,31,6207.46
2025-04-14,instagram,social,24,35,21,0.62,1,225.49
2025-04-14,google,organic,29,37,18,0.51,0,0.0
2025-04-14,email,newsletter,99,133,83,0.63,2,561.38
2025-04-14,email,newsletter,144,197,127,0.65,5,1156.86
2025-04-14,email,newsletter,141,174,98,0.57,4,1075.7
2025-04-14,direct,(none),44,56,30,0.55,1,230.77
2025-04-14,email,newsletter,90,127,84,0.66,2,460.74
2025-04-14,google,organic,92,124,86,0.7,2,617.45
2025-04-14,direct,(none),126,163,106,0.65,3,799.94
2025-04-15,google,cpc,179,247,157,0.64,12,2855.37
2025-04-15,google,cpc,210,261,177,0.68,8,1791.74
2025-04-15,google,organic,53,66,39,0.59,2,473.34
2025-04-15,tiktok,social,127,172,94,0.55,6,1573.29
2025-04-15,tiktok,social,175,217,112,0.52,8,2212.92
2025-04-15,email,newsletter,220,302,209,0.69,10,2811.92
2025-04-15,instagram,social,54,70,42,0.61,2,555.3
2025-04-16,tiktok,social,61,85,49,0.58,3,648.79
2025-04-16,tiktok,social,54,74,49,0.67,2,504.26
2025-04-16,tiktok,social,140,197,121,0.62,6,1697.9
2025-04-16,email,newsletter,91,124,75,0.61,3,711.24
2025-04-16,instagram,social,162,200,104,0.52,5,1283.7
2025-04-16,email,newsletter,192,267,185,0.7,6,1408.49
2025-04-17,tiktok,social,201,293,202,0.69,11,2171.84
2025-04-17,direct,(none),165,240,158,0.66,11,2562.37
2025-04-17,tiktok,social,110,136,80,0.59,6,1620.32
2025-04-17,google,organic,163,197,124,0.63,7,1464.7
2025-04-17,tiktok,social,197,274,168,0.62,13,3374.6
2025-04-17,instagram,social,144,187,115,0.62,8,1847.16
2025-04-17,google,organic,134,162,105,0.65,8,1812.56
2025-04-17,direct,(none),281,394,222,0.57,22,5094.45
2025-04-17,direct,(none),134,196,111,0.57,8,1715.84
2025-04-17,email,newsletter,188,248,153,0.62,12,2348.96
2025-04-17,tiktok,social,171,232,157,0.68,11,2344.91
2025-04-18,email,newsletter,39,48,24,0.52,0,0.0
2025-04-18,email,newsletter,133,165,113,0.69,2,637.88
2025-04-18,google,organic,68,94,56,0.6,1,293.87
2025-04-18,google,organic,70,93,58,0.63,2,531.11
2025-04-18,google,organic,134,199,134,0.67,3,693.94
2025-04-18,instagram,social,25,37,18,0.51,0,0.0
2025-04-18,tiktok,social,97,123,66,0.54,1,284.65
2025-04-18,email,newsletter,20,28,16,0.6,0,0.0
2025-04-18,tiktok,social,98,127,80,0.63,2,570.41
2025-04-18,google,organic,64,95,55,0.58,2,643.0
2025-04-19,direct,(none),193,241,124,0.52,11,2234.17
2025-04-19,instagram,social,229,291,193,0.66,11,2460.5
2025-04-19,google,cpc,73,94,47,0.5,3,795.18
2025-04-19,google,organic,195,264,149,0.56,14,3872.8
2025-04-19,google,cpc,206,306,161,0.53,14,3252.74
2025-04-19,google,organic,103,138,70,0.51,5,1322.16
2025-04-20,email,newsletter,224,283,193,0.69,15,3560.56
2025-04-20,email,newsletter,216,278,182,0.66,13,2615.13
2025-04-20,direct,(none),133,188,130,0.69,8,1739.63
2025-04-20,instagram,social,38,47,24,0.51,2,426.71
2025-04-20,email,newsletter,51,75,40,0.54,2,406.76
2025-04-20,instagram,social,174,250,152,0.61,11,2756.54
2025-04-21,direct,(none),88,108,64,0.6,4,1020.53
2025-04-21,direct,(none),57,74,49,0.67,1,301.05
2025-04-21,tiktok,social,156,194,104,0.54,5,1270.66
2025-04-21,tiktok,social,193,241,131,0.55,7,1612.1
2025-04-21,google,cpc,28,35,18,0.53,1,241.27
2025-04-21,instagram,social,57,81,47,0.59,2,455.1
2025-04-21,tiktok,social,83,113,62,0.55,3,787.78
2025-04-21,tiktok,social,41,59,33,0.56,2,488.57
2025-04-21,google,cpc,71,90,59,0.66,2,564.31
2025-04-22,direct,(none),96,116,63,0.55,3,921.04
2025-04-22,tiktok,social,75,96,51,0.54,3,898.27
2025-04-22,tiktok,social,137,197,127,0.65,5,1264.03
2025-04-22,email,newsletter,49,63,37,0.6,2,622.85
2025-04-22,tiktok,social,146,190,112,0.59,4,1139.99
2025-04-22,google,organic,52,77,39,0.52,2,555.92
2025-04-22,instagram,social,103,146,85,0.58,5,1338.34
2025-04-22,email,newsletter,37,51,31,0.61,1,305.35
2025-04-22,direct,(none),34,50,31,0.63,1,246.44
2025-04-22,direct,(none),33,46,24,0.53,1,310.45
2025-04-22,instagram,social,53,74,51,0.69,1,265.66
2025-04-22,email,newsletter,145,208,111,0.53,5,1340.83
2025-04-22,tiktok,social,58,77,42,0.55,2,542.07
2025-04-22,instagram,social,56,77,40,0.52,2,558.5
2025-04-22,email,newsletter,121,174,102,0.59,4,1263.02
2025-04-23,email,newsletter,132,160,98,0.62,4,1070.28
2025-04-23,email,newsletter,96,142,92,0.65,4,987.87
2025-04-23,email,newsletter,131,167,102,0.62,2,580.41
2025-04-23,direct,(none),69,101,58,0.58,1,254.11
2025-04-23,email,newsletter,32,45,26,0.59,1,295.01
2025-04-23,google,organic,73,88,57,0.66,1,278.72
2025-04-23,google,cpc,29,37,23,0.63,0,0.0
2025-04-23,google,cpc,40,57,34,0.6,1,311.82
2025-04-24,direct,(none),125,156,81,0.52,3,788.54
2025-04-24,google,organic,87,129,78,0.61,3,825.31
2025-04-24,instagram,social,90,128,84,0.66,3,960.74
2025-04-24,instagram,social,103,129,71,0.55,2,565.1
2025-04-24,google,cpc,87,118,72,0.62,2,588.52
2025-04-25,tiktok,social,89,122,62,0.51,4,1059.58
2025-04-25,direct,(none),90,124,63,0.51,2,551.82
2025-04-25,direct,(none),46,67,40,0.6,2,587.17
2025-04-25,direct,(none),92,125,84,0.68,2,477.52
2025-04-25,instagram,social,100,131,87,0.67,3,946.55
2025-04-25,google,cpc,22,27,16,0.62,0,0.0
2025-04-25,instagram,social,127,158,100,0.64,3,895.76
2025-04-26,email,newsletter,161,193,101,0.53,8,1829.5
2025-04-26,tiktok,social,204,304,202,0.67,11,2206.02
2025-04-26,instagram,social,104,126,75,0.6,5,1278.46
2025-04-26,google,cpc,106,156,102,0.66,8,2157.05
2025-04-26,tiktok,social,180,217,126,0.58,11,2953.84
2025-04-26,google,cpc,46,63,38,0.61,3,819.14
2025-04-26,email,newsletter,60,78,52,0.67,3,768.32
2025-04-26,google,organic,132,163,105,0.65,7,1449.01
2025-04-27,google,organic,132,159,84,0.53,7,1452.39
2025-04-27,tiktok,social,282,380,237,0.62,22,5324.15
2025-04-27,direct,(none),74,91,57,0.64,4,891.67
2025-04-27,direct,(none),175,235,150,0.64,13,3330.01
2025-04-27,instagram,social,49,71,36,0.51,4,977.7
2025-04-27,direct,(none),213,274,177,0.65,12,2945.63
2025-04-28,direct,(none),157,221,123,0.56,9,2109.88
2025-04-28,instagram,social,123,178,120,0.68,7,1522.73
2025-04-28,direct,(none),172,213,127,0.6,6,1531.29
2025-04-28,email,newsletter,180,245,123,0.5,10,2270.33
2025-04-28,google,organic,107,155,84,0.55,5,1517.44
2025-04-28,tiktok,social,169,221,138,0.62,7,1930.67
2025-04-28,tiktok,social,106,154,89,0.58,5,1444.93
2025-04-28,email,newsletter,178,253,143,0.57,7,1776.06
2025-04-28,instagram,social,174,252,174,0.69,8,2066.73
2025-04-29,instagram,social,103,154,90,0.59,2,469.97
2025-04-29,email,newsletter,99,122,62,0.51,3,867.07
2025-04-29,email,newsletter,99,125,77,0.62,3,783.36
2025-04-29,email,newsletter,143,205,137,0.67,6,1664.54
2025-04-29,tiktok,social,100,140,95,0.68,2,579.62
2025-04-29,tiktok,social,93,123,77,0.63,3,869.43
2025-04-29,instagram,social,77,98,68,0.7,2,602.25
2025-04-29,instagram,social,115,163,87,0.54,3,810.04
2025-04-29,google,organic,125,170,109,0.64,3,954.52
2025-04-29,email,newsletter,99,127,72,0.57,4,990.33
2025-04-30,tiktok,social,61,75,47,0.63,1,238.84
2025-04-30,tiktok,social,138,173,107,0.62,3,758.43
2025-04-30,instagram,social,43,52,35,0.69,0,0.0
2025-04-30,instagram,social,98,122,70,0.57,2,534.95
2025-04-30,google,cpc,149,184,107,0.58,6,1807.3
2025-04-30,tiktok,social,98,141,82,0.58,3,837.63
2025-04-30,direct,(none),50,63,35,0.57,1,286.47
2025-04-30,google,cpc,89,108,73,0.68,2,577.16
2025-04-30,google,organic,122,180,107,0.6,4,1092.91
2025-04-30,google,cpc,26,33,21,0.65,0,0.0
2025-05-01,tiktok,social,86,106,66,0.63,2,481.71
2025-05-01,tiktok,social,36,46,25,0.55,1,244.68
2025-05-01,google,organic,119,145,79,0.55,3,717.45
2025-05-01,direct,(none),48,71,44,0.62,2,626.0
2025-05-01,instagram,social,60,84,44,0.53,2,617.16
2025-05-01,email,newsletter,112,155,92,0.6,3,726.76
2025-05-01,google,cpc,61,75,43,0.58,1,260.18
2025-05-02,instagram,social,198,278,139,0.5,9,1912.13
2025-05-02,tiktok,social,40,53,33,0.63,2,564.45
2025-05-03,email,newsletter,161,201,110,0.55,10,2181.97
2025-05-03,email,newsletter,125,184,116,0.63,8,1833.54
2025-05-03,instagram,social,134,186,121,0.65,6,1220.27
2025-05-03,email,newsletter,190,250,160,0.64,10,2285.38
2025-05-03,direct,(none),211,273,175,0.64,10,2442.95
2025-05-03,google,cpc,245,353,229,0.65,16,4535.23
2025-05-03,google,cpc,258,358,209,0.58,12,2435.27
2025-05-03,instagram,social,55,74,41,0.56,3,774.68
2025-05-03,instagram,social,34,41,27,0.67,1,269.46
2025-05-03,tiktok,social,204,259,168,0.65,12,2878.39
2025-05-04,instagram,social,255,307,161,0.53,13,3604.82
2025-05-04,instagram,social,200,244,137,0.56,13,2865.02
2025-05-04,google,cpc,88,131,77,0.59,5,1101.5
2025-05-04,google,organic,272,345,180,0.52,13,2867.85
2025-05-04,google,organic,274,331,219,0.66,15,3041.44
2025-05-04,google,organic,152,198,119,0.6,9,2172.15
2025-05-05,direct,(none),122,152,101,0.67,7,1854.31
2025-05-05,google,organic,192,271,165,0.61,9,2174.87
2025-05-05,email,newsletter,199,257,164,0.64,12,3351.93
2025-05-06,email,newsletter,98,132,75,0.57,2,497.82
2025-05-06,google,cpc,22,27,16,0.62,0,0.0
2025-05-06,direct,(none),133,160,85,0.53,4,1113.33
2025-05-06,email,newsletter,109,146,82,0.56,2,584.44
2025-05-06,tiktok,social,37,50,33,0.67,1,275.9
2025-05-06,tiktok,social,88,119,61,0.51,2,481.73
2025-05-06,google,cpc,85,105,72,0.69,2,488.92
2025-05-07,direct,(none),120,177,90,0.51,5,1405.66
2025-05-07,direct,(none),51,67,43,0.65,1,272.44
2025-05-07,email,newsletter,48,64,33,0.52,2,599.5
2025-05-07,google,cpc,97,117,65,0.56,2,535.53
2025-05-07,google,organic,109,138,81,0.59,2,558.36
2025-05-07,direct,(none),43,61,41,0.68,1,296.46
2025-05-07,tiktok,social,133,162,89,0.55,5,1443.89
2025-05-07,google,organic,85,121,77,0.64,3,840.34
2025-05-07,direct,(none),131,183,103,0.56,5,1516.97
2025-05-07,google,organic,63,85,55,0.65,2,614.29
2025-05-07,tiktok,social,130,164,108,0.66,4,912.54
2025-05-08,tiktok,social,41,59,29,0.51,1,226.08
2025-05-08,instagram,social,119,167,98,0.59,4,1107.11
2025-05-08,email,newsletter,50,63,38,0.61,1,240.41
2025-05-08,direct,(none),137,181,107,0.6,3,788.93
2025-05-08,direct,(none),125,156,83,0.53,4,1015.65
2025-05-09,google,cpc,32,44,28,0.65,1,229.47
2025-05-09,google,cpc,115,141,89,0.64,5,1527.72
2025-05-09,tiktok,social,107,147,86,0.59,3,866.77
2025-05-09,google,organic,40,58,40,0.7,2,522.22
2025-05-09,tiktok,social,29,41,21,0.52,1,273.38
2025-05-09,google,organic,161,211,134,0.64,8,2118.85
2025-05-09,email,newsletter,83,108,65,0.61,4,878.96
2025-05-09,google,organic,63,79,54,0.69,2,546.25
2025-05-09,email,newsletter,36,52,28,0.54,1,246.61
2025-05-10,tiktok,social,199,240,141,0.59,8,2259.43
2025-05-10,instagram,social,175,246,123,0.5,8,2202.01
2025-05-10,direct,(none),245,354,210,0.59,13,2765.2
2025-05-10,direct,(none),213,273,181,0.66,14,3796.95
2025-05-10,instagram,social,46,56,35,0.63,2,552.61
2025-05-10,direct,(none),43,62,36,0.6,2,542.97
2025-05-10,instagram,social,242,301,192,0.64,11,2692.18
2025-05-10,email,newsletter,190,271,182,0.67,12,2717.63
2025-05-10,google,organic,79,106,54,0.51,4,1139.37
2025-05-10,email,newsletter,189,253,162,0.64,12,3153.84
2025-05-11,google,cpc,142,198,115,0.58,8,2013.76
2025-05-11,direct,(none),275,348,225,0.65,19,4454.65
2025-05-11,google,cpc,195,257,140,0.55,14,3480.79
2025-05-11,google,organic,243,312,192,0.62,17,4223.57
2025-05-11,google,cpc,277,351,202,0.58,15,3227.28
2025-05-11,instagram,social,229,295,206,0.7,15,3631.99
2025-05-11,direct,(none),96,139,90,0.65,5,1045.89
2025-05-11,google,cpc,146,200,104,0.52,9,2081.12
2025-05-11,instagram,social,159,205,143,0.7,9,1784.77
2025-05-11,email,newsletter,205,262,134,0.51,13,3333.52
2025-05-11,google,organic,43,54,34,0.63,2,434.3
2025-05-11,direct,(none),121,180,114,0.63,10,2075.49
2025-05-11,direct,(none),38,53,27,0.52,2,461.49
2025-05-12,direct,(none),137,185,115,0.62,5,1381.76
2025-05-12,google,cpc,60,78,44,0.57,2,461.83
2025-05-12,tiktok,social,87,110,70,0.64,2,569.96
2025-05-12,email,newsletter,110,140,84,0.61,2,495.97
2025-05-12,google,organic,56,69,41,0.61,1,314.79
2025-05-12,direct,(none),101,121,64,0.53,2,561.59
2025-05-12,google,cpc,43,55,33,0.61,1,309.49
2025-05-12,tiktok,social,123,148,103,0.7,4,1139.15
2025-05-13,direct,(none),58,86,52,0.61,2,497.86
2025-05-13,direct,(none),28,39,26,0.67,1,323.22
2025-05-13,email,newsletter,63,76,50,0.66,1,250.61
2025-05-13,instagram,social,111,162,91,0.57,3,735.93
2025-05-14,direct,(none),130,172,106,0.62,6,1421.43
2025-05-14,instagram,social,127,153,77,0.51,6,1370.44
2025-05-14,google,cpc,34,42,22,0.55,1,266.49
2025-05-14,google,cpc,77,115,68,0.6,4,890.47
2025-05-14,google,organic,249,332,175,0.53,17,4076.6
2025-05-14,google,cpc,44,55,32,0.59,2,570.16
2025-05-14,instagram,social,103,124,84,0.68,4,948.62
2025-05-14,google,cpc,123,183,126,0.69,7,1959.79
2025-05-14,tiktok,social,153,184,105,0.57,7,1868.65
2025-05-15,direct,(none),112,157,98,0.62,3,696.46
2025-05-15,email,newsletter,97,136,85,0.63,2,636.9
2025-05-15,tiktok,social,103,140,94,0.67,3,725.28
2025-05-15,google,cpc,30,42,24,0.59,1,308.99
2025-05-15,direct,(none),104,128,69,0.54,3,763.76
2025-05-15,google,cpc,70,101,59,0.59,2,558.05
2025-05-15,email,newsletter,95,135,74,0.55,3,870.13
2025-05-15,direct,(none),79,104,65,0.63,2,583.18
2025-05-15,google,cpc,46,61,35,0.58,1,290.85
2025-05-16,google,cpc,74,99,52,0.53,4,1001.7
2025-05-16,google,cpc,86,120,78,0.65,6,1594.41
2025-05-16,google,organic,139,188,121,0.65,8,1667.05
2025-05-16,tiktok,social,52,68,47,0.69,3,787.65
2025-05-16,google,organic,252,372,201,0.54,17,4169.86
2025-05-16,google,cpc,156,209,116,0.56,8,1593.7
2025-05-17,email,newsletter,258,342,173,0.51,16,3309.36
2025-05-17,google,cpc,165,239,155,0.65,11,2732.32
2025-05-17,direct,(none),229,302,171,0.57,15,3030.65
2025-05-17,tiktok,social,56,71,47,0.67,3,632.3
2025-05-17,google,organic,167,216,133,0.62,8,1794.47
2025-05-17,email,newsletter,97,121,64,0.53,5,1077.28
2025-05-17,google,cpc,254,323,163,0.5,15,3753.92
2025-05-17,instagram,social,44,60,39,0.66,2,505.07
2025-05-17,tiktok,social,105,143,71,0.5,6,1662.08
2025-05-17,google,cpc,220,273,169,0.62,13,2983.74
2025-05-17,direct,(none),51,66,33,0.51,3,820.8
2025-05-18,instagram,social,168,221,121,0.55,11,2846.77
2025-05-18,direct,(none),135,167,104,0.63,10,2511.21
2025-05-18,google,cpc,230,342,202,0.59,17,3162.05
2025-05-18,email,newsletter,56,80,49,0.62,4,773.07
2025-05-18,google,organic,228,291,184,0.64,15,3830.08
2025-05-18,email,newsletter,153,227,145,0.64,10,2051.47
2025-05-18,google,cpc,224,269,173,0.65,16,3339.59
2025-05-18,google,cpc,276,382,243,0.64,21,5461.34
2025-05-18,email,newsletter,72,104,58,0.56,4,980.08
2025-05-18,direct,(none),81,110,76,0.69,6,1388.86
2025-05-19,tiktok,social,66,94,63,0.67,2,590.66
2025-05-19,google,organic,96,120,74,0.62,4,1267.05
2025-05-19,google,cpc,138,184,94,0.51,5,1174.77
2025-05-19,email,newsletter,56,79,46,0.59,1,269.63
2025-05-19,email,newsletter,104,143,95,0.67,2,505.46
2025-05-19,google,organic,65,84,46,0.55,2,638.84
2025-05-19,google,cpc,24,31,19,0.63,0,0.0
2025-05-19,instagram,social,131,173,105,0.61,5,1503.84
2025-05-19,google,organic,20,26,14,0.55,0,0.0
2025-05-19,instagram,social,123,161,101,0.63,2,590.45
2025-05-20,tiktok,social,117,163,90,0.56,3,902.75
2025-05-20,google,organic,134,179,89,0.5,2,551.45
2025-05-20,direct,(none),23,31,16,0.54,0,0.0
2025-05-20,direct,(none),63,90,60,0.68,1,297.07
2025-05-20,email,newsletter,131,165,110,0.67,3,851.55
2025-05-20,instagram,social,72,101,68,0.68,2,574.35
2025-05-20,google,organic,119,176,113,0.65,2,469.28
2025-05-20,google,cpc,146,181,106,0.59,3,822.19
2025-05-20,email,newsletter,44,65,35,0.54,1,306.25
2025-05-20,direct,(none),129,168,109,0.65,3,780.34
2025-05-20,direct,(none),43,57,30,0.54,1,228.54
2025-05-20,google,organic,58,78,54,0.7,1,282.03
2025-05-20,direct,(none),82,113,57,0.51,2,605.41
2025-05-21,direct,(none),85,106,65,0.62,3,920.75
2025-05-21,instagram,social,106,158,87,0.55,3,747.85
2025-05-21,tiktok,social,44,54,27,0.51,1,283.22
2025-05-21,tiktok,social,126,169,113,0.67,4,1231.78
2025-05-21,instagram,social,51,70,48,0.69,2,497.82
2025-05-21,tiktok,social,111,138,69,0.5,4,1272.89
2025-05-21,email,newsletter,71,89,51,0.58,1,315.87
2025-05-21,email,newsletter,57,74,41,0.57,2,525.27
2025-05-21,instagram,social,137,188,110,0.59,6,1920.05
2025-05-21,google,organic,116,171,116,0.68,4,1160.22
2025-05-22,google,organic,137,196,120,0.62,6,1250.04
2025-05-22,instagram,social,174,225,125,0.56,8,2083.53
2025-05-22,google,organic,128,175,91,0.52,7,1866.35
2025-05-23,tiktok,social,320,444,261,0.59,24,5478.83
2025-05-23,tiktok,social,212,302,189,0.63,19,4319.22
2025-05-23,google,organic,260,330,245,0.75,22,3992.79
2025-05-23,direct,(none),260,377,212,0.56,20,4367.32
2025-05-23,google,cpc,70,87,61,0.7,4,857.51
2025-05-23,google,cpc,197,283,211,0.75,20,3444.72
2025-05-23,google,organic,272,345,190,0.55,22,3907.45
2025-05-23,tiktok,social,340,491,308,0.63,35,7527.52
2025-05-23,direct,(none),102,149,100,0.67,9,2132.84
2025-05-23,google,organic,365,545,389,0.71,32,6590.29
2025-05-24,instagram,social,199,270,162,0.6,15,3296.48
2025-05-24,direct,(none),115,159,95,0.6,9,1721.4
2025-05-24,instagram,social,64,85,45,0.53,4,822.8
2025-05-24,google,cpc,246,309,175,0.57,16,3742.66
2025-05-24,tiktok,social,236,327,171,0.52,19,3825.25
2025-05-24,direct,(none),210,282,159,0.56,14,3073.82
2025-05-24,instagram,social,185,256,142,0.56,14,2962.72
2025-05-24,google,cpc,193,289,182,0.63,14,3228.49
2025-05-25,google,cpc,105,151,88,0.59,6,1373.91
2025-05-25,google,cpc,81,108,56,0.52,4,1047.81
2025-05-25,google,organic,124,163,91,0.56,8,2171.54
2025-05-25,email,newsletter,222,324,168,0.52,13,2594.11
2025-05-26,tiktok,social,92,137,85,0.62,2,467.72
2025-05-26,tiktok,social,69,92,55,0.6,2,524.71
2025-05-26,instagram,social,96,120,67,0.56,2,611.56
2025-05-26,tiktok,social,32,41,27,0.68,1,262.03
2025-05-26,email,newsletter,45,61,38,0.63,1,278.49
2025-05-26,tiktok,social,98,140,72,0.52,2,576.01
2025-05-26,instagram,social,125,177,115,0.65,5,1257.37
2025-05-26,google,organic,30,41,25,0.62,1,314.73
2025-05-27,google,cpc,174,219,122,0.56,10,2437.5
2025-05-27,google,cpc,137,186,126,0.68,8,1837.96
2025-05-27,tiktok,social,144,213,123,0.58,12,2937.82
2025-05-27,direct,(none),296,402,226,0.56,19,3610.62
2025-05-27,direct,(none),248,341,228,0.67,16,3672.86
2025-05-27,email,newsletter,316,382,265,0.69,25,5573.4
2025-05-27,tiktok,social,235,317,219,0.69,19,4870.72
2025-05-27,direct,(none),183,271,151,0.56,17,3607.14
2025-05-27,instagram,social,196,265,176,0.67,15,2682.09
2025-05-27,google,organic,72,95,61,0.65,5,984.5
2025-05-28,google,organic,290,354,254,0.72,23,4038.2
2025-05-28,instagram,social,204,279,173,0.62,16,3887.83
2025-05-28,direct,(none),64,76,50,0.66,4,855.38
2025-05-28,instagram,social,78,113,73,0.65,6,1246.35
2025-05-28,direct,(none),234,291,197,0.68,15,3315.85
2025-05-28,instagram,social,238,288,189,0.66,16,3757.22
2025-05-28,google,cpc,294,368,234,0.64,20,4899.53
2025-05-28,email,newsletter,336,480,310,0.65,31,6280.47
2025-05-28,tiktok,social,109,135,94,0.7,7,1611.87
2025-05-28,google,organic,67,93,58,0.63,4,850.85
2025-05-28,email,newsletter,348,457,287,0.63,25,5606.32
2025-05-28,direct,(none),141,174,107,0.62,8,1770.94
2025-05-28,google,organic,345,439,271,0.62,29,5780.59
2025-05-28,direct,(none),238,307,211,0.69,18,4074.73
2025-05-28,instagram,social,276,351,198,0.56,20,3854.66
2025-05-28,email,newsletter,271,362,268,0.74,20,4461.82
2025-05-29,google,organic,86,117,61,0.52,3,970.7
2025-05-29,email,newsletter,119,161,100,0.63,4,923.36
2025-05-29,tiktok,social,45,63,41,0.67,1,244.85
2025-05-29,google,organic,144,199,133,0.67,4,1092.53
2025-05-29,instagram,social,133,183,122,0.67,5,1307.21
2025-05-30,email,newsletter,95,138,83,0.61,3,929.18
2025-05-30,tiktok,social,132,178,90,0.51,4,1196.37
2025-05-30,tiktok,social,51,72,45,0.64,1,283.47
2025-05-30,google,organic,24,31,20,0.65,0,0.0
2025-05-30,tiktok,social,32,39,19,0.51,0,0.0
2025-05-31,instagram,social,208,285,183,0.64,11,2748.79
2025-05-31,google,cpc,155,189,97,0.52,10,2426.12
2025-05-31,tiktok,social,298,446,309,0.69,21,4541.86
2025-05-31,google,organic,165,210,129,0.61,9,2393.23
2025-05-31,tiktok,social,153,197,136,0.69,8,2032.19
2025-05-31,email,newsletter,88,120,78,0.66,5,1104.1
2025-05-31,google,organic,151,203,141,0.7,8,1954.22
2025-05-31,instagram,social,58,75,43,0.58,3,761.45
2025-06-01,instagram,social,123,157,89,0.57,6,1561.75
2025-06-01,google,organic,176,242,123,0.51,12,2558.66
2025-06-01,google,cpc,160,206,108,0.53,7,1511.64
2025-06-01,instagram,social,165,214,140,0.66,7,1380.1
2025-06-01,google,organic,261,378,238,0.63,14,3148.27
2025-06-01,google,cpc,123,177,123,0.7,9,1970.11
2025-06-01,google,cpc,49,59,33,0.57,2,514.42
2025-06-01,google,organic,261,368,226,0.61,16,3436.16
2025-06-01,google,cpc,125,186,117,0.63,8,1977.97
2025-06-01,google,cpc,163,225,155,0.69,10,2504.62
2025-06-02,google,cpc,308,405,223,0.55,19,4337.94
2025-06-02,email,newsletter,55,78,46,0.6,4,733.97
2025-06-02,instagram,social,290,407,257,0.63,23,4265.56
2025-06-02,google,organic,116,152,81,0.54,9,2301.52
2025-06-02,instagram,social,266,397,204,0.52,19,4170.12
2025-06-02,google,cpc,222,315,194,0.62,17,3370.99
2025-06-02,tiktok,social,250,352,204,0.58,20,4417.26
2025-06-03,instagram,social,70,91,59,0.66,2,481.55
2025-06-03,direct,(none),126,173,98,0.57,4,972.03
2025-06-03,direct,(none),62,87,44,0.51,2,546.02
2025-06-03,instagram,social,134,161,94,0.58,3,883.84
2025-06-03,instagram,social,31,38,19,0.5,0,0.0
2025-06-03,direct,(none),101,123,84,0.68,3,894.88
2025-06-04,email,newsletter,56,78,46,0.6,1,263.66
2025-06-04,google,organic,85,110,58,0.53,1,268.17
2025-06-04,tiktok,social,102,132,84,0.64,2,479.59
2025-06-04,google,cpc,109,152,86,0.57,3,921.11
2025-06-04,tiktok,social,74,89,44,0.5,2,538.9
2025-06-04,tiktok,social,76,103,61,0.6,2,635.57
2025-06-04,direct,(none),92,137,77,0.57,4,958.57
2025-06-04,email,newsletter,46,56,30,0.54,1,287.03
2025-06-04,google,organic,104,133,84,0.63,2,594.8
2025-06-04,instagram,social,145,189,102,0.54,5,1536.61
2025-06-05,instagram,social,27,39,23,0.6,1,251.32
2025-06-05,google,cpc,40,55,33,0.6,1,297.85
2025-06-05,google,cpc,115,142,81,0.57,4,1147.36
2025-06-05,google,cpc,133,161,107,0.67,3,900.17
2025-06-05,google,organic,113,141,75,0.53,4,1120.78
2025-06-05,google,cpc,94,115,65,0.57,2,556.93
2025-06-05,tiktok,social,85,102,56,0.55,2,507.01
2025-06-05,direct,(none),43,61,32,0.53,1,295.87
2025-06-05,email,newsletter,137,174,110,0.64,5,1532.4
2025-06-05,direct,(none),75,109,75,0.7,2,567.72
2025-06-06,email,newsletter,79,108,66,0.61,3,716.05
2025-06-06,google,organic,128,171,114,0.67,5,1181.15
2025-06-06,instagram,social,147,196,103,0.53,2,625.66
2025-06-06,instagram,social,132,174,95,0.55,2,612.26
2025-06-06,email,newsletter,34,42,27,0.66,0,0.0
2025-06-06,google,cpc,107,131,89,0.68,2,494.85
2025-06-06,email,newsletter,110,158,91,0.58,3,769.34
2025-06-06,email,newsletter,149,208,118,0.57,4,1284.4
2025-06-06,direct,(none),36,45,26,0.58,1,238.11
2025-06-07,email,newsletter,198,262,151,0.58,10,2527.2
2025-06-07,instagram,social,147,179,121,0.68,7,1689.19
2025-06-07,direct,(none),182,234,118,0.51,9,1881.58
2025-06-07,google,organic,62,84,58,0.7,3,707.12
2025-06-07,instagram,social,114,145,74,0.51,7,1494.31
2025-06-08,tiktok,social,291,387,234,0.61,16,4058.52
2025-06-08,instagram,social,199,265,140,0.53,15,3496.25
2025-06-08,google,organic,57,72,38,0.53,4,872.57
2025-06-08,email,newsletter,301,408,259,0.63,18,4058.94
2025-06-08,tiktok,social,291,398,250,0.63,23,5322.68
2025-06-08,google,cpc,269,331,198,0.6,19,4875.42
2025-06-08,tiktok,social,239,305,197,0.65,17,4077.48
2025-06-08,email,newsletter,166,204,132,0.65,9,1819.74
2025-06-08,instagram,social,243,353,240,0.68,20,3848.12
2025-06-08,instagram,social,53,75,41,0.56,3,785.03
2025-06-09,google,organic,155,202,111,0.55,8,1672.71
2025-06-09,tiktok,social,146,217,144,0.66,10,2623.23
2025-06-09,direct,(none),91,135,90,0.67,5,1322.14
2025-06-09,google,organic,76,96,52,0.55,3,778.99
2025-06-09,tiktok,social,43,63,36,0.58,2,450.6
2025-06-09,instagram,social,121,173,116,0.67,8,2170.86
2025-06-09,tiktok,social,218,292,170,0.58,14,3491.4
2025-06-09,direct,(none),140,207,109,0.53,10,2439.76
2025-06-09,email,newsletter,252,335,208,0.62,14,3752.32
2025-06-09,tiktok,social,77,111,72,0.65,4,1101.22
2025-06-09,google,organic,39,53,30,0.58,2,403.3
2025-06-10,google,cpc,277,345,220,0.64,14,3844.22
2025-06-10,google,cpc,81,104,52,0.51,5,1219.16
2025-06-10,direct,(none),47,67,34,0.52,3,678.3
2025-06-10,google,organic,176,256,134,0.53,12,2685.55
2025-06-10,instagram,social,180,249,155,0.62,9,2288.04
2025-06-11,tiktok,social,149,191,118,0.62,4,935.02
2025-06-11,tiktok,social,49,62,41,0.67,1,290.53
2025-06-11,direct,(none),126,156,90,0.58,3,865.5
2025-06-11,instagram,social,103,148,94,0.64,4,1189.9
2025-06-11,google,cpc,107,153,88,0.58,4,1037.67
2025-06-11,instagram,social,146,200,131,0.66,4,930.92
2025-06-11,instagram,social,69,96,58,0.61,2,601.03
2025-06-11,google,cpc,43,57,36,0.65,1,283.55
2025-06-11,google,cpc,45,54,28,0.54,1,243.75
2025-06-11,email,newsletter,52,69,42,0.61,1,235.67
2025-06-11,instagram,social,65,88,49,0.56,1,299.89
2025-06-12,direct,(none),111,136,74,0.55,2,481.16
2025-06-12,direct,(none),124,162,89,0.55,3,867.47
2025-06-12,email,newsletter,142,178,113,0.64,5,1417.46
2025-06-13,google,cpc,112,152,103,0.68,6,1247.76
2025-06-13,google,cpc,263,356,202,0.57,17,3611.13
2025-06-13,direct,(none),101,142,76,0.54,6,1547.57
2025-06-13,google,cpc,229,291,192,0.66,10,2045.36
2025-06-13,instagram,social,227,294,170,0.58,15,4179.11
2025-06-13,email,newsletter,267,367,214,0.58,15,3912.7
2025-06-14,email,newsletter,262,381,248,0.65,16,3964.27
2025-06-14,google,organic,176,224,113,0.51,9,1741.82
2025-06-14,direct,(none),199,277,188,0.68,14,2996.69
2025-06-14,direct,(none),260,354,232,0.66,18,4261.29
2025-06-14,instagram,social,192,268,168,0.63,14,3153.72
2025-06-14,email,newsletter,215,275,167,0.61,11,2493.66
2025-06-14,email,newsletter,148,178,103,0.58,8,1563.15
2025-06-14,direct,(none),229,320,191,0.6,18,3925.26
2025-06-14,google,cpc,282,363,221,0.61,18,4438.86
2025-06-14,direct,(none),186,277,192,0.7,13,2897.03
2025-06-15,google,cpc,154,226,136,0.61,9,1940.29
2025-06-15,google,organic,129,191,113,0.59,10,2374.87
2025-06-15,google,cpc,164,203,120,0.59,11,2687.19
2025-06-15,tiktok,social,186,278,142,0.51,11,2205.51
2025-06-15,direct,(none),160,204,106,0.52,8,1870.11
2025-06-15,tiktok,social,288,422,247,0.59,18,4652.14
2025-06-15,email,newsletter,94,137,72,0.53,5,1360.39
2025-06-15,email,newsletter,47,66,44,0.68,3,766.0
2025-06-15,direct,(none),115,144,74,0.51,7,1677.73
2025-06-16,email,newsletter,25,34,19,0.57,1,277.51
2025-06-16,instagram,social,46,58,37,0.65,1,278.9
2025-06-16,google,organic,119,167,115,0.69,2,543.04
2025-06-16,instagram,social,55,68,45,0.67,2,469.66
2025-06-16,tiktok,social,135,183,104,0.57,3,788.77
2025-06-16,instagram,social,150,198,105,0.54,5,1135.57
2025-06-16,instagram,social,79,105,68,0.65,3,784.07
2025-06-16,direct,(none),79,98,67,0.69,2,565.75
2025-06-16,instagram,social,68,91,60,0.66,2,477.93
2025-06-16,tiktok,social,150,195,97,0.5,5,1496.77
2025-06-16,instagram,social,141,181,112,0.62,5,1505.4
2025-06-16,email,newsletter,103,148,97,0.66,3,901.94
2025-06-17,instagram,social,241,302,179,0.59,14,2666.84
2025-06-17,direct,(none),212,294,190,0.65,15,3161.2
2025-06-17,tiktok,social,276,348,181,0.52,19,3515.07
2025-06-17,instagram,social,218,280,149,0.53,13,3309.66
2025-06-17,google,cpc,272,329,201,0.61,16,4106.57
2025-06-17,direct,(none),41,49,33,0.68,2,380.07
2025-06-17,google,organic,54,77,44,0.58,3,580.97
2025-06-17,direct,(none),287,347,204,0.59,19,3944.19
2025-06-17,google,organic,187,256,166,0.65,10,2208.1
2025-06-18,google,organic,31,37,25,0.69,1,227.8
2025-06-18,google,organic,49,72,46,0.65,1,243.48
2025-06-18,tiktok,social,133,162,108,0.67,3,750.09
2025-06-18,google,organic,144,176,88,0.5,3,952.66
2025-06-18,tiktok,social,30,41,23,0.58,0,0.0
2025-06-18,google,organic,85,124,81,0.66,2,494.23
2025-06-18,google,organic,29,35,23,0.67,0,0.0
2025-06-19,google,cpc,114,153,104,0.69,7,1649.0
2025-06-19,direct,(none),228,273,166,0.61,13,3239.5
2025-06-19,google,organic,191,247,159,0.65,14,3505.62
2025-06-19,google,organic,294,415,209,0.5,19,3571.1
2025-06-19,tiktok,social,121,157,93,0.6,7,1775.39
2025-06-19,direct,(none),68,100,56,0.57,6,1204.22
2025-06-19,tiktok,social,308,418,265,0.63,18,3952.9
2025-06-20,tiktok,social,60,78,40,0.52,1,281.43
2025-06-20,email,newsletter,138,198,100,0.51,4,1186.99
2025-06-20,instagram,social,148,179,102,0.57,4,1101.25
2025-06-20,instagram,social,72,105,69,0.66,1,236.37
2025-06-20,direct,(none),26,37,24,0.66,1,293.14
2025-06-20,tiktok,social,124,170,115,0.68,5,1291.59
2025-06-21,direct,(none),264,324,202,0.62,14,3566.84
2025-06-21,tiktok,social,292,376,238,0.63,17,3417.79
2025-06-21,tiktok,social,276,413,266,0.65,20,5177.41
2025-06-21,direct,(none),280,410,231,0.57,23,5229.9
2025-06-21,direct,(none),147,179,102,0.57,8,1638.13
2025-06-21,direct,(none),187,237,159,0.67,12,2369.63
2025-06-21,google,cpc,101,121,68,0.57,5,1002.03
2025-06-22,google,organic,56,68,39,0.58,3,722.38
2025-06-22,email,newsletter,55,72,47,0.66,3,744.91
2025-06-22,google,organic,220,296,158,0.53,15,3594.68
2025-06-22,tiktok,social,89,109,73,0.67,4,1093.16
2025-06-22,email,newsletter,92,114,65,0.57,4,811.06
2025-06-22,google,cpc,165,235,149,0.64,12,2800.76
2025-06-22,direct,(none),69,98,54,0.56,4,803.64
2025-06-22,tiktok,social,62,75,44,0.6,3,725.39
2025-06-23,instagram,social,192,257,173,0.68,11,2816.75
2025-06-23,google,cpc,192,245,131,0.53,11,2299.78
2025-06-23,direct,(none),273,394,264,0.67,24,4920.42
2025-06-23,tiktok,social,231,335,187,0.56,20,4319.06
2025-06-23,email,newsletter,235,303,197,0.65,15,3345.21
2025-06-23,direct,(none),265,325,190,0.59,16,2973.33
2025-06-24,email,newsletter,275,359,223,0.62,19,3815.74
2025-06-24,google,organic,127,180,118,0.66,8,2163.48
2025-06-24,email,newsletter,283,419,242,0.58,23,6345.26
2025-06-24,tiktok,social,191,272,158,0.58,14,3470.85
2025-06-24,tiktok,social,39,54,34,0.64,2,463.46
2025-06-24,google,organic,148,194,125,0.65,9,2400.12
2025-06-24,instagram,social,180,252,153,0.61,10,2580.43
2025-06-24,tiktok,social,62,92,60,0.66,4,882.79
2025-06-25,google,cpc,79,99,51,0.52,5,1142.16
2025-06-25,google,cpc,56,75,49,0.66,4,840.43
2025-06-25,email,newsletter,264,388,219,0.56,19,4801.86
2025-06-25,tiktok,social,87,119,82,0.69,7,1614.98
2025-06-25,google,organic,81,120,63,0.53,7,1837.3
2025-06-25,google,organic,170,216,131,0.61,10,2115.78
2025-06-25,instagram,social,141,180,121,0.67,8,1500.79
2025-06-25,direct,(none),255,341,190,0.56,18,4564.05
2025-06-25,google,cpc,151,195,113,0.58,10,2371.36
2025-06-25,instagram,social,126,179,95,0.53,10,2616.68
2025-06-25,direct,(none),99,139,85,0.61,7,1733.85
2025-06-26,direct,(none),24,34,18,0.53,0,0.0
2025-06-26,instagram,social,117,148,88,0.6,4,1296.96
2025-06-26,google,cpc,122,153,84,0.55,4,1106.44
2025-06-26,tiktok,social,35,48,27,0.57,1,238.95
2025-06-26,instagram,social,86,124,75,0.61,3,779.54
2025-06-26,direct,(none),71,86,59,0.69,2,497.62
2025-06-27,instagram,social,228,300,207,0.69,13,3251.13
2025-06-27,direct,(none),89,119,74,0.63,5,1176.11
2025-06-27,direct,(none),254,363,246,0.68,18,3758.54
2025-06-27,direct,(none),235,328,215,0.66,12,3073.64
2025-06-27,instagram,social,62,92,57,0.63,4,879.22
2025-06-27,tiktok,social,267,389,201,0.52,15,3823.27
2025-06-28,tiktok,social,230,318,167,0.53,16,3922.01
2025-06-28,email,newsletter,296,408,281,0.69,22,5799.56
2025-06-28,direct,(none),294,381,229,0.6,19,4611.41
2025-06-28,tiktok,social,282,372,245,0.66,20,5199.22
2025-06-28,instagram,social,157,200,122,0.61,11,2320.49
2025-06-29,email,newsletter,256,368,235,0.64,20,3604.37
2025-06-29,google,organic,199,281,159,0.57,20,3606.5
2025-06-29,tiktok,social,299,441,276,0.63,26,4356.11
2025-06-29,google,organic,53,68,44,0.65,4,892.72
2025-06-29,direct,(none),366,537,377,0.7,37,6455.7
2025-06-29,instagram,social,312,419,271,0.65,23,4069.54
2025-06-29,google,cpc,133,185,136,0.74,12,2694.91
2025-06-29,google,cpc,266,363,267,0.74,22,4827.08
2025-06-29,instagram,social,181,258,182,0.71,14,3166.09
2025-06-29,google,cpc,174,213,159,0.75,15,2680.04
2025-06-30,instagram,social,93,125,77,0.62,2,640.84
2025-06-30,email,newsletter,39,54,33,0.61,1,321.67
2025-06-30,google,cpc,132,163,94,0.58,3,942.8
2025-06-30,tiktok,social,137,184,94,0.51,3,972.42
2025-06-30,email,newsletter,95,142,85,0.6,4,1031.02
2025-06-30,direct,(none),29,40,21,0.55,0,0.0
2025-06-30,email,newsletter,69,98,52,0.54,3,931.57
2025-07-01,email,newsletter,165,205,132,0.65,7,1387.32
2025-07-01,email,newsletter,89,120,83,0.7,4,1051.33
2025-07-01,google,cpc,166,219,117,0.54,8,1969.75
2025-07-01,tiktok,social,63,89,45,0.51,4,901.47
2025-07-01,instagram,social,127,162,107,0.66,8,2005.98
2025-07-01,google,cpc,240,299,150,0.5,15,4179.97
2025-07-01,google,organic,213,276,173,0.63,14,3545.07
2025-07-01,email,newsletter,178,261,143,0.55,9,2408.7
2025-07-02,google,organic,122,179,121,0.68,5,1207.66
2025-07-02,google,organic,59,78,42,0.55,1,282.45
2025-07-02,google,cpc,63,81,49,0.61,2,600.39
2025-07-02,google,cpc,41,54,31,0.59,1,308.51
2025-07-02,google,cpc,142,185,123,0.67,5,1373.23
2025-07-02,email,newsletter,130,176,89,0.51,5,1447.16
2025-07-02,direct,(none),92,132,91,0.69,3,719.47
2025-07-02,google,cpc,100,126,69,0.55,3,742.9
2025-07-03,direct,(none),276,366,228,0.62,20,3915.21
2025-07-03,google,cpc,137,172,113,0.66,8,1750.38
2025-07-03,direct,(none),80,113,63,0.56,6,1153.75
2025-07-03,tiktok,social,125,151,98,0.66,8,1714.54
2025-07-03,tiktok,social,171,209,132,0.63,9,2299.22
2025-07-03,instagram,social,244,347,224,0.65,20,4985.85
2025-07-03,google,organic,256,324,221,0.68,14,3095.87
2025-07-03,instagram,social,288,424,222,0.52,24,5304.69
2025-07-04,google,cpc,280,365,250,0.69,15,2975.45
2025-07-04,tiktok,social,124,185,92,0.5,9,1925.06
2025-07-04,direct,(none),255,309,160,0.52,18,4555.2
2025-07-04,google,organic,110,151,85,0.56,8,1797.37
2025-07-04,direct,(none),199,272,141,0.52,14,3434.25
2025-07-05,tiktok,social,60,81,50,0.62,3,597.66
2025-07-05,google,cpc,172,239,144,0.6,10,2555.52
2025-07-05,direct,(none),64,83,44,0.54,4,969.3
2025-07-05,email,newsletter,148,188,107,0.57,7,1638.96
2025-07-05,google,cpc,275,362,212,0.59,17,3573.97
2025-07-05,instagram,social,275,381,213,0.56,21,4852.54
2025-07-05,google,cpc,285,344,178,0.52,18,3979.39
2025-07-06,tiktok,social,323,430,310,0.72,25,5204.88
2025-07-06,google,organic,259,333,191,0.57,22,4162.38
2025-07-06,email,newsletter,323,431,288,0.67,21,5165.61
2025-07-06,tiktok,social,168,233,131,0.57,14,3082.1
2025-07-06,google,cpc,61,85,58,0.69,5,1103.21
2025-07-06,tiktok,social,85,118,72,0.61,6,1109.39
2025-07-06,email,newsletter,126,162,111,0.69,8,1942.66
2025-07-06,tiktok,social,107,154,93,0.61,9,1748.11
2025-07-07,direct,(none),70,84,44,0.53,2,617.31
2025-07-07,google,cpc,108,155,85,0.55,4,1269.1
2025-07-07,email,newsletter,130,193,113,0.59,2,638.59
2025-07-07,google,cpc,131,181,110,0.61,4,1277.43
2025-07-07,google,organic,75,101,53,0.53,2,557.73
2025-07-07,direct,(none),28,36,20,0.56,0,0.0
2025-07-08,direct,(none),29,41,25,0.62,1,254.9
2025-07-08,instagram,social,59,73,40,0.56,1,235.31
2025-07-08,tiktok,social,30,38,23,0.62,0,0.0
2025-07-08,email,newsletter,23,33,18,0.56,0,0.0
2025-07-08,instagram,social,92,130,85,0.66,2,648.47
2025-07-08,google,organic,123,184,124,0.68,4,1076.32
2025-07-08,google,organic,41,57,39,0.69,1,269.57
2025-07-08,tiktok,social,47,69,47,0.69,2,504.24
2025-07-09,instagram,social,39,50,25,0.51,2,494.22
2025-07-09,tiktok,social,203,300,156,0.52,16,3199.23
2025-07-09,email,newsletter,79,116,59,0.51,6,1304.22
2025-07-09,google,cpc,152,190,96,0.51,8,1987.33
2025-07-09,google,cpc,195,267,161,0.61,10,2706.08
2025-07-10,email,newsletter,377,461,281,0.61,28,6394.08
2025-07-10,email,newsletter,275,389,266,0.68,27,5478.89
2025-07-10,email,newsletter,364,463,340,0.74,26,5703.32
2025-07-10,google,organic,75,110,64,0.58,6,1093.98
2025-07-10,direct,(none),280,412,281,0.68,31,6446.7
2025-07-10,google,organic,123,183,109,0.6,12,2822.51
2025-07-10,direct,(none),293,437,261,0.6,32,7055.69
2025-07-10,google,cpc,175,228,127,0.56,15,3503.6
2025-07-10,tiktok,social,366,477,306,0.64,30,5428.57
2025-07-10,google,organic,387,500,347,0.69,36,8401.36
2025-07-10,instagram,social,162,222,143,0.64,15,2742.5
2025-07-11,direct,(none),53,66,44,0.68,1,245.87
2025-07-11,google,organic,44,64,39,0.61,2,581.65
2025-07-11,tiktok,social,128,178,113,0.64,6,1749.09
2025-07-11,email,newsletter,28,36,19,0.53,1,253.92
2025-07-11,direct,(none),166,244,152,0.63,7,1862.1
2025-07-11,email,newsletter,67,96,57,0.6,2,461.97
2025-07-11,instagram,social,169,215,120,0.56,5,1139.64
2025-07-12,direct,(none),114,159,108,0.69,9,1926.81
2025-07-12,direct,(none),97,118,78,0.67,5,1316.16
2025-07-12,google,cpc,101,128,64,0.51,6,1412.0
2025-07-12,direct,(none),114,157,94,0.6,7,1669.12
2025-07-12,google,cpc,141,198,133,0.67,8,1858.35
2025-07-12,direct,(none),76,96,54,0.56,5,1303.74
2025-07-13,instagram,social,149,181,109,0.6,10,2486.26
2025-07-13,direct,(none),230,304,206,0.68,13,2876.35
2025-07-13,instagram,social,309,381,251,0.66,21,5428.6
2025-07-13,direct,(none),199,269,138,0.52,11,2644.26
2025-07-13,direct,(none),284,409,270,0.66,19,4265.99
2025-07-13,email,newsletter,218,318,172,0.54,15,3450.75
2025-07-14,instagram,social,135,183,93,0.51,4,1157.72
2025-07-14,google,cpc,184,266,165,0.62,10,2590.56
2025-07-14,google,cpc,110,160,103,0.65,4,1230.58
2025-07-14,direct,(none),49,70,48,0.7,2,513.8
2025-07-14,google,cpc,92,122,64,0.53,4,1169.09
2025-07-14,email,newsletter,65,82,57,0.7,3,680.86
2025-07-15,email,newsletter,53,69,47,0.69,2,552.53
2025-07-15,email,newsletter,174,212,122,0.58,8,2280.55
2025-07-15,instagram,social,170,250,153,0.61,11,2984.87
2025-07-15,direct,(none),239,331,187,0.57,12,2664.53
2025-07-15,tiktok,social,200,278,164,0.59,12,3007.29
2025-07-16,instagram,social,63,86,55,0.65,1,272.63
2025-07-16,tiktok,social,68,90,54,0.6,2,640.85
2025-07-16,google,cpc,143,175,116,0.66,5,1597.26
2025-07-16,direct,(none),79,110,55,0.51,2,585.51
2025-07-16,tiktok,social,114,152,98,0.65,4,1190.1
2025-07-16,tiktok,social,57,78,40,0.52,2,592.66
2025-07-16,google,cpc,131,180,103,0.57,3,773.95
2025-07-16,direct,(none),50,68,39,0.59,1,261.57
2025-07-16,tiktok,social,107,154,87,0.57,5,1466.96
2025-07-16,google,cpc,22,30,15,0.51,0,0.0
2025-07-16,direct,(none),66,86,49,0.57,2,519.17
2025-07-16,google,cpc,100,136,91,0.68,3,964.18
2025-07-16,tiktok,social,117,148,95,0.64,3,835.0
2025-07-16,google,cpc,96,121,65,0.55,2,459.77
2025-07-17,tiktok,social,99,140,83,0.59,2,519.17
2025-07-17,instagram,social,80,107,71,0.67,3,719.1
2025-07-17,email,newsletter,44,63,43,0.69,1,236.52
2025-07-17,google,cpc,85,121,69,0.57,2,587.88
2025-07-17,tiktok,social,104,144,72,0.51,4,1108.77
2025-07-17,tiktok,social,20,27,14,0.55,0,0.0
2025-07-17,google,organic,141,186,116,0.63,6,1431.52
2025-07-17,google,cpc,21,30,16,0.55,0,0.0
2025-07-17,email,newsletter,63,86,45,0.53,2,544.0
2025-07-17,direct,(none),62,75,44,0.59,1,279.73
2025-07-17,tiktok,social,128,155,82,0.53,3,919.0
2025-07-17,direct,(none),126,168,102,0.61,2,582.13
2025-07-18,google,organic,87,110,74,0.68,3,729.35
2025-07-18,google,cpc,128,177,109,0.62,4,910.17
2025-07-18,google,cpc,191,270,137,0.51,10,2677.8
2025-07-18,instagram,social,170,234,133,0.57,7,1735.48
2025-07-18,direct,(none),188,272,147,0.54,6,1658.25
2025-07-18,google,organic,98,134,78,0.58,4,1100.31
2025-07-18,google,cpc,115,138,70,0.51,4,905.4
2025-07-19,google,cpc,58,76,45,0.6,4,1053.3
2025-07-19,instagram,social,293,406,209,0.52,22,4236.8
2025-07-19,instagram,social,218,266,149,0.56,13,2816.19
2025-07-19,google,cpc,54,74,38,0.52,4,907.09
2025-07-19,google,cpc,164,226,130,0.58,11,2190.97
2025-07-19,tiktok,social,307,454,312,0.69,19,4681.86
2025-07-19,email,newsletter,195,253,157,0.62,13,2873.39
2025-07-19,email,newsletter,89,121,78,0.65,6,1496.75
2025-07-19,email,newsletter,126,169,106,0.63,8,1821.32
2025-07-20,instagram,social,250,308,188,0.61,14,3816.73
2025-07-20,tiktok,social,185,242,137,0.57,10,2132.88
2025-07-20,direct,(none),196,249,151,0.61,9,2073.94
2025-07-20,direct,(none),264,348,183,0.53,15,3121.32
2025-07-20,email,newsletter,163,196,99,0.51,7,1748.31
2025-07-20,instagram,social,92,121,61,0.51,6,1252.85
2025-07-21,email,newsletter,262,391,248,0.64,15,3287.26
2025-07-21,google,organic,214,282,142,0.5,15,3242.71
2025-07-21,google,cpc,72,93,58,0.62,3,640.54
2025-07-21,instagram,social,180,224,121,0.54,8,1999.14
2025-07-21,instagram,social,47,61,33,0.54,2,405.77
2025-07-21,direct,(none),186,252,144,0.57,14,3372.76
2025-07-21,google,organic,283,348,181,0.52,13,3156.49
2025-07-21,tiktok,social,271,403,256,0.64,16,4147.16
2025-07-21,google,organic,89,128,65,0.51,5,1288.01
2025-07-21,google,cpc,98,120,70,0.59,5,1263.83
2025-07-21,google,cpc,188,227,154,0.68,10,2275.53
2025-07-21,instagram,social,224,307,160,0.52,11,2171.2
2025-07-21,google,organic,212,254,168,0.67,12,3044.73
2025-07-21,email,newsletter,285,405,281,0.7,19,5047.44
2025-07-22,email,newsletter,69,101,53,0.53,1,255.66
2025-07-22,direct,(none),35,50,27,0.55,0,0.0
2025-07-22,email,newsletter,39,49,27,0.56,1,272.69
2025-07-22,google,cpc,149,198,107,0.54,6,1873.98
2025-07-22,google,cpc,125,180,96,0.54,4,1062.87
2025-07-22,google,organic,96,123,74,0.61,4,940.46
2025-07-22,google,organic,143,189,117,0.62,5,1576.27
2025-07-23,google,cpc,172,244,156,0.64,12,3041.05
2025-07-23,email,newsletter,72,96,51,0.54,4,937.59
2025-07-23,google,cpc,136,172,110,0.64,9,2473.4
2025-07-23,google,cpc,252,341,230,0.68,17,3972.03
2025-07-23,google,cpc,214,265,158,0.6,11,2506.59
2025-07-23,email,newsletter,186,276,149,0.54,11,2735.24
2025-07-24,email,newsletter,131,165,114,0.69,5,1009.16
2025-07-24,instagram,social,192,281,148,0.53,12,2486.91
2025-07-24,direct,(none),43,58,35,0.61,2,555.52
2025-07-24,tiktok,social,48,63,31,0.5,2,453.49
2025-07-24,google,organic,99,120,77,0.65,3,625.43
2025-07-24,google,organic,225,280,149,0.54,14,3178.91
2025-07-24,google,organic,227,334,229,0.69,16,3251.04
2025-07-24,google,cpc,147,194,100,0.52,8,2126.18
2025-07-24,email,newsletter,102,132,92,0.7,4,967.88
2025-07-24,direct,(none),229,278,151,0.54,9,2398.75
2025-07-25,google,organic,198,242,149,0.62,8,1621.29
2025-07-25,google,organic,195,235,148,0.63,9,1859.92
2025-07-25,google,cpc,38,49,25,0.51,1,241.05
2025-07-25,google,cpc,54,67,36,0.55,2,407.05
2025-07-25,direct,(none),94,114,62,0.55,4,985.75
2025-07-25,email,newsletter,152,222,154,0.69,10,2161.17
2025-07-25,tiktok,social,73,96,58,0.61,3,790.97
2025-07-25,email,newsletter,201,269,135,0.51,8,1659.27
2025-07-25,google,cpc,192,254,177,0.7,8,1801.01
2025-07-26,google,organic,48,60,36,0.61,2,412.29
2025-07-26,tiktok,social,163,229,126,0.55,8,2012.27
2025-07-26,email,newsletter,202,249,150,0.6,12,3117.09
2025-07-26,instagram,social,61,78,41,0.53,2,550.85
2025-07-26,tiktok,social,68,92,47,0.51,3,740.89
2025-07-26,instagram,social,125,187,112,0.6,6,1238.99
2025-07-26,direct,(none),211,261,161,0.62,10,2314.24
2025-07-27,google,cpc,210,257,145,0.57,13,3266.34
2025-07-27,email,newsletter,143,175,96,0.55,9,2376.2
2025-07-27,google,organic,245,308,180,0.58,13,3092.44
2025-07-27,instagram,social,180,227,143,0.63,13,2506.63
2025-07-27,tiktok,social,131,173,115,0.67,9,1856.05
2025-07-27,email,newsletter,205,295,190,0.64,16,3628.43
2025-07-27,google,organic,243,331,222,0.67,20,4286.23
2025-07-27,direct,(none),151,190,105,0.55,8,1685.63
2025-07-27,google,organic,153,225,139,0.62,12,2641.73
2025-07-27,direct,(none),257,372,238,0.64,17,3713.55
2025-07-27,tiktok,social,245,303,180,0.6,15,3542.68
2025-07-27,direct,(none),228,336,233,0.69,15,3619.41
2025-07-28,instagram,social,75,109,73,0.68,5,1200.63
2025-07-28,google,cpc,77,105,71,0.68,4,976.9
2025-07-28,google,organic,41,53,34,0.66,2,565.86
2025-07-28,google,organic,196,279,148,0.53,10,2070.08
2025-07-28,google,cpc,48,62,34,0.56,3,778.36
2025-07-29,google,organic,68,94,48,0.52,1,302.05
2025-07-29,google,organic,60,87,46,0.54,2,614.33
2025-07-29,direct,(none),146,185,96,0.52,5,1295.04
2025-07-29,google,organic,95,116,78,0.67,2,624.82
2025-07-29,google,organic,62,88,54,0.62,2,587.86
2025-07-29,google,cpc,115,166,87,0.53,2,498.77
2025-07-29,direct,(none),89,112,59,0.53,2,537.18
2025-07-29,google,cpc,32,42,28,0.68,1,261.64
2025-07-29,instagram,social,134,161,108,0.68,2,466.32
2025-07-29,google,cpc,148,209,142,0.68,3,827.39
2025-07-29,tiktok,social,122,175,115,0.66,4,1119.02
2025-07-29,direct,(none),70,99,63,0.64,3,955.46
2025-07-29,email,newsletter,77,104,59,0.57,3,775.73
2025-07-29,direct,(none),106,135,72,0.54,4,1053.83
2025-07-30,tiktok,social,56,71,47,0.67,1,255.33
2025-07-30,direct,(none),99,130,89,0.69,2,507.32
2025-07-30,direct,(none),100,125,63,0.51,2,537.08
2025-07-30,instagram,social,97,117,70,0.6,1,277.06
2025-07-30,tiktok,social,106,146,87,0.6,4,997.57
2025-07-30,google,organic,39,47,23,0.5,0,0.0
2025-07-30,direct,(none),125,172,88,0.51,5,1140.4
2025-07-30,google,cpc,129,187,117,0.63,3,770.67
2025-07-30,direct,(none),35,49,27,0.56,1,315.73
2025-07-31,google,organic,110,141,77,0.55,3,752.69
2025-07-31,instagram,social,47,69,44,0.65,1,248.51
2025-07-31,instagram,social,134,192,126,0.66,4,1272.82
2025-07-31,google,cpc,41,51,26,0.53,1,249.27
2025-07-31,direct,(none),134,179,96,0.54,2,638.07
2025-07-31,tiktok,social,142,199,137,0.69,3,804.5
2025-07-31,tiktok,social,88,128,88,0.69,4,946.32
2025-07-31,tiktok,social,138,187,122,0.65,3,855.04
2025-07-31,tiktok,social,70,101,51,0.51,3,837.74
2025-08-01,tiktok,social,61,85,48,0.57,1,242.24
2025-08-01,tiktok,social,50,60,39,0.66,1,260.37
2025-08-01,direct,(none),29,34,22,0.67,0,0.0
2025-08-01,google,organic,147,189,105,0.56,4,1013.49
2025-08-01,google,cpc,28,33,19,0.59,0,0.0
2025-08-01,instagram,social,28,36,19,0.53,0,0.0
2025-08-01,google,cpc,123,176,95,0.54,5,1258.61
2025-08-01,tiktok,social,137,199,122,0.62,3,962.56
2025-08-01,tiktok,social,44,57,32,0.58,0,0.0
2025-08-01,google,cpc,96,137,75,0.55,3,765.74
2025-08-02,tiktok,social,137,170,117,0.69,6,1568.89
2025-08-02,email,newsletter,57,80,51,0.64,3,827.67
2025-08-02,google,organic,121,146,90,0.62,6,1262.31
2025-08-02,google,cpc,230,322,175,0.55,13,2858.45
2025-08-02,google,organic,107,157,79,0.5,5,1068.14
2025-08-02,google,cpc,44,54,34,0.63,1,252.99
2025-08-03,google,cpc,68,100,60,0.6,5,1019.87
2025-08-03,email,newsletter,88,107,74,0.7,4,891.51
2025-08-03,email,newsletter,186,242,160,0.66,10,2085.58
2025-08-03,email,newsletter,129,187,106,0.57,9,2026.94
2025-08-03,email,newsletter,288,429,238,0.56,21,5444.74
2025-08-03,google,organic,196,247,164,0.67,10,2538.71
2025-08-03,google,organic,209,311,200,0.64,16,3573.31
2025-08-04,direct,(none),116,171,93,0.55,5,1207.07
2025-08-04,google,organic,161,230,147,0.64,9,1903.61
2025-08-04,google,organic,105,148,88,0.6,7,1646.02
2025-08-04,email,newsletter,136,184,95,0.52,7,1418.34
2025-08-04,google,organic,203,278,145,0.52,9,1961.4
2025-08-04,google,cpc,102,137,90,0.66,6,1281.15
2025-08-04,direct,(none),220,287,184,0.64,9,1824.72
2025-08-04,email,newsletter,187,232,128,0.55,7,1780.65
2025-08-04,email,newsletter,160,215,124,0.58,7,1917.93
2025-08-04,direct,(none),235,342,219,0.64,14,3088.34
2025-08-05,tiktok,social,212,314,182,0.58,12,3329.92
2025-08-05,google,cpc,116,141,85,0.61,4,1143.28
2025-08-05,direct,(none),220,285,171,0.6,13,3403.0
2025-08-05,direct,(none),168,228,152,0.67,10,2370.05
2025-08-05,instagram,social,51,67,44,0.67,3,871.37
2025-08-05,instagram,social,140,195,99,0.51,7,1759.54
2025-08-05,google,cpc,148,193,126,0.66,8,1707.59
2025-08-05,email,newsletter,227,334,200,0.6,10,2037.27
2025-08-05,google,organic,232,329,217,0.66,15,4232.83
2025-08-05,email,newsletter,89,122,66,0.55,5,1037.58
2025-08-05,direct,(none),230,320,202,0.63,15,3258.57
2025-08-06,email,newsletter,50,69,38,0.55,2,633.7
2025-08-06,direct,(none),101,122,77,0.63,2,631.1
2025-08-06,email,newsletter,113,154,104,0.68,5,1616.69
2025-08-06,direct,(none),86,115,60,0.53,2,454.25
2025-08-06,instagram,social,97,127,75,0.6,2,536.6
2025-08-06,tiktok,social,93,123,81,0.66,2,463.56
2025-08-06,google,cpc,102,128,64,0.51,3,939.6
2025-08-07,google,organic,148,196,131,0.67,5,1447.03
2025-08-07,google,organic,134,163,92,0.57,2,614.02
2025-08-07,instagram,social,107,131,76,0.58,3,966.21
2025-08-07,direct,(none),64,77,50,0.66,2,543.37
2025-08-07,tiktok,social,28,40,25,0.65,0,0.0
2025-08-07,google,organic,64,93,64,0.69,2,637.58
2025-08-08,tiktok,social,86,126,82,0.66,6,1543.55
2025-08-08,direct,(none),45,55,35,0.64,2,532.82
2025-08-08,google,organic,52,65,43,0.68,2,492.93
2025-08-08,instagram,social,215,295,184,0.63,15,3573.2
2025-08-08,tiktok,social,158,190,97,0.51,11,2463.02
2025-08-08,google,organic,215,302,165,0.55,14,3250.03
2025-08-08,tiktok,social,107,133,84,0.64,7,1875.86
2025-08-08,tiktok,social,129,168,103,0.61,6,1450.85
2025-08-08,google,cpc,52,74,39,0.54,2,473.84
2025-08-08,google,cpc,256,360,197,0.55,20,3892.6
2025-08-08,instagram,social,172,221,115,0.52,12,2396.08
2025-08-08,email,newsletter,135,191,131,0.69,8,1953.96
2025-08-08,direct,(none),258,321,201,0.63,18,4516.96
2025-08-08,google,cpc,45,57,33,0.59,2,493.59
2025-08-10,google,organic,137,183,108,0.59,7,1452.56
2025-08-11,google,organic,141,203,129,0.64,5,1342.38
2025-08-11,direct,(none),46,59,35,0.6,2,648.26
2025-08-11,direct,(none),116,140,77,0.56,4,1105.48
2025-08-11,tiktok,social,127,173,91,0.53,5,1206.3
2025-08-12,tiktok,social,57,80,40,0.5,2,578.99
2025-08-12,tiktok,social,178,250,153,0.61,6,1848.58
2025-08-12,tiktok,social,41,54,33,0.62,1,271.26
2025-08-12,instagram,social,183,237,127,0.54,7,2120.72
2025-08-12,email,newsletter,149,220,112,0.51,8,1999.88
2025-08-12,instagram,social,130,191,110,0.58,7,1984.72
2025-08-12,direct,(none),143,204,128,0.63,6,1761.83
2025-08-12,email,newsletter,182,227,153,0.68,9,2042.0
2025-08-12,google,organic,29,35,19,0.54,1,300.09
2025-08-13,google,organic,74,99,70,0.71,5,984.64
2025-08-13,email,newsletter,332,430,276,0.64,28,6731.14
2025-08-13,google,cpc,230,312,182,0.59,18,3419.44
2025-08-13,google,organic,189,244,153,0.63,16,3744.75
2025-08-13,google,organic,99,134,87,0.65,9,1629.14
2025-08-13,google,organic,245,295,169,0.57,19,3370.45
2025-08-13,google,organic,230,344,250,0.73,21,3826.66
2025-08-13,tiktok,social,148,181,104,0.58,12,2629.37
2025-08-14,google,cpc,102,148,87,0.59,2,525.45
2025-08-14,tiktok,social,91,130,88,0.68,4,907.74
2025-08-14,tiktok,social,70,100,57,0.58,1,318.57
2025-08-14,instagram,social,23,34,20,0.6,0,0.0
2025-08-14,google,organic,107,155,77,0.5,3,751.68
2025-08-14,google,organic,42,60,34,0.58,0,0.0
2025-08-14,direct,(none),41,60,40,0.68,1,255.96
2025-08-15,direct,(none),69,86,57,0.67,1,322.23
2025-08-15,instagram,social,93,128,65,0.51,3,748.62
2025-08-15,tiktok,social,69,85,53,0.63,2,571.3
2025-08-15,email,newsletter,58,70,41,0.59,1,317.21
2025-08-15,tiktok,social,47,59,37,0.64,1,229.25
2025-08-15,instagram,social,40,48,33,0.7,1,303.38
2025-08-15,tiktok,social,52,64,44,0.69,1,233.28
2025-08-15,email,newsletter,43,56,37,0.68,1,270.44
2025-08-16,tiktok,social,81,117,67,0.58,4,853.86
2025-08-16,instagram,social,96,143,83,0.58,5,1271.06
2025-08-16,email,newsletter,192,254,163,0.64,12,2856.65
2025-08-16,google,organic,182,226,154,0.68,7,1629.73
2025-08-16,google,cpc,225,292,190,0.65,13,3081.02
2025-08-17,google,organic,240,347,227,0.66,17,3920.26
2025-08-17,direct,(none),60,81,41,0.52,3,669.59
2025-08-17,instagram,social,116,142,89,0.63,6,1533.91
2025-08-17,direct,(none),60,79,47,0.6,3,836.93
2025-08-17,google,organic,41,60,34,0.58,3,650.07
2025-08-17,google,organic,156,196,110,0.57,7,1975.73
2025-08-17,google,organic,151,218,148,0.68,7,1861.09
2025-08-17,email,newsletter,46,64,40,0.63,2,547.05
2025-08-17,tiktok,social,51,70,46,0.67,2,519.16
2025-08-17,email,newsletter,61,83,46,0.56,2,492.45
2025-08-17,instagram,social,213,288,145,0.5,12,3171.42
2025-08-17,instagram,social,63,85,50,0.6,3,645.51
2025-08-17,google,organic,115,152,91,0.6,6,1518.45
2025-08-18,google,cpc,121,152,96,0.63,10,1809.89
2025-08-18,google,cpc,52,68,44,0.66,4,981.99
2025-08-18,google,organic,185,234,156,0.67,15,2605.93
2025-08-19,email,newsletter,118,167,94,0.57,5,1244.18
2025-08-19,google,cpc,47,62,36,0.6,2,602.7
2025-08-19,tiktok,social,133,199,111,0.56,4,1043.74
2025-08-19,email,newsletter,73,96,55,0.58,2,477.85
2025-08-19,google,cpc,33,39,22,0.57,1,265.0
2025-08-19,instagram,social,45,56,35,0.64,1,282.96
2025-08-19,google,cpc,69,89,51,0.58,2,507.09
2025-08-19,google,cpc,108,134,79,0.59,3,897.26
2025-08-19,tiktok,social,46,60,32,0.54,1,237.09
2025-08-19,google,organic,125,171,115,0.68,5,1444.1
2025-08-19,instagram,social,56,72,44,0.61,2,463.28
2025-08-20,tiktok,social,161,226,131,0.58,10,2440.0
2025-08-20,google,cpc,128,188,129,0.69,8,1749.12
2025-08-20,google,organic,110,140,86,0.62,4,1148.14
2025-08-20,google,cpc,176,245,136,0.56,8,2098.7
2025-08-21,google,organic,25,31,21,0.69,0,0.0
2025-08-21,email,newsletter,45,64,36,0.58,1,254.17
2025-08-21,google,organic,91,135,72,0.54,4,1275.82
2025-08-21,direct,(none),119,171,86,0.51,4,989.78
2025-08-21,instagram,social,76,104,65,0.63,1,295.4
2025-08-21,tiktok,social,49,59,35,0.61,1,307.76
2025-08-21,direct,(none),53,65,42,0.66,1,257.35
2025-08-21,google,organic,67,85,48,0.57,1,314.0
2025-08-21,direct,(none),89,117,79,0.68,1,279.88
2025-08-21,instagram,social,57,74,48,0.66,2,494.38
2025-08-21,google,organic,148,218,144,0.66,6,1779.47
2025-08-21,google,organic,90,110,62,0.56,3,817.85
2025-08-22,tiktok,social,65,95,57,0.61,1,303.04
2025-08-22,google,cpc,146,176,121,0.69,5,1578.43
2025-08-22,direct,(none),32,38,21,0.56,0,0.0
2025-08-22,google,organic,50,72,49,0.68,1,255.94
2025-08-22,email,newsletter,22,28,16,0.59,0,0.0
2025-08-22,google,cpc,138,197,136,0.69,4,1135.3
2025-08-22,tiktok,social,42,54,36,0.68,0,0.0
2025-08-22,google,organic,140,197,110,0.56,3,884.93
2025-08-22,direct,(none),72,93,64,0.69,1,273.69
2025-08-23,direct,(none),258,327,217,0.66,16,4311.1
2025-08-23,google,cpc,89,131,70,0.54,7,1531.31
2025-08-23,email,newsletter,247,346,180,0.52,15,3169.9
2025-08-23,google,cpc,38,49,28,0.58,2,451.72
2025-08-23,google,organic,178,252,142,0.57,10,2011.78
2025-08-23,tiktok,social,152,193,110,0.57,8,2059.43
2025-08-23,instagram,social,256,310,209,0.68,12,2388.19
2025-08-23,direct,(none),77,114,76,0.67,4,1063.62
2025-08-24,email,newsletter,148,178,117,0.66,9,2298.46
2025-08-24,tiktok,social,210,306,175,0.58,14,2851.6
2025-08-24,email,newsletter,222,323,172,0.53,17,3359.95
2025-08-24,direct,(none),264,377,192,0.51,20,4879.36
2025-08-24,tiktok,social,62,79,54,0.69,3,593.46
2025-08-24,direct,(none),199,287,174,0.61,13,3559.74
2025-08-24,google,cpc,229,318,200,0.63,12,2575.03
2025-08-24,tiktok,social,228,338,234,0.69,15,2918.16
2025-08-25,direct,(none),76,113,75,0.67,5,1239.97
2025-08-25,tiktok,social,235,314,196,0.63,14,2746.61
2025-08-25,google,cpc,106,158,89,0.57,8,1838.33
2025-08-25,instagram,social,89,117,77,0.66,4,847.82
2025-08-25,google,cpc,70,92,53,0.58,4,854.28
2025-08-25,tiktok,social,114,159,84,0.53,6,1289.16
2025-08-25,google,organic,55,67,45,0.68,3,784.12
2025-08-25,direct,(none),176,252,172,0.68,12,2701.41
2025-08-26,google,organic,147,181,90,0.5,3,921.8
2025-08-26,tiktok,social,36,46,25,0.55,0,0.0
2025-08-26,tiktok,social,83,102,57,0.57,2,582.88
2025-08-26,instagram,social,39,48,27,0.58,1,277.26
2025-08-26,tiktok,social,66,82,43,0.54,1,260.0
2025-08-26,google,cpc,42,56,29,0.52,1,268.66
2025-08-26,google,cpc,38,46,26,0.57,1,240.39
2025-08-26,direct,(none),140,195,129,0.67,3,896.65
2025-08-27,email,newsletter,39,53,30,0.58,0,0.0
2025-08-27,google,cpc,45,58,36,0.62,1,259.48
2025-08-27,instagram,social,43,63,34,0.55,2,524.39
2025-08-27,instagram,social,146,191,110,0.58,6,1419.73
2025-08-28,instagram,social,87,107,61,0.58,2,472.78
2025-08-28,google,cpc,41,54,32,0.61,1,301.35
2025-08-28,tiktok,social,87,122,80,0.66,4,1142.85
2025-08-28,instagram,social,135,197,112,0.57,3,930.04
2025-08-28,google,organic,59,71,43,0.61,1,315.17
2025-08-28,instagram,social,83,123,81,0.66,1,253.8
2025-08-28,instagram,social,21,25,16,0.66,0,0.0
2025-08-28,instagram,social,143,194,123,0.64,4,1164.6
2025-08-29,email,newsletter,78,106,67,0.64,3,675.52
2025-08-29,direct,(none),188,275,171,0.62,10,2305.83
2025-08-29,tiktok,social,58,73,49,0.68,3,606.97
2025-08-29,google,organic,172,246,140,0.57,9,2502.39
2025-08-29,google,cpc,96,130,77,0.59,5,1238.58
2025-08-29,google,organic,220,289,199,0.69,10,2295.47
2025-08-29,instagram,social,190,234,154,0.66,9,1876.43
2025-08-29,direct,(none),188,239,151,0.64,10,2589.85
2025-08-30,google,cpc,169,214,128,0.6,8,2063.56
2025-08-30,google,cpc,267,382,228,0.6,21,5392.72
2025-08-30,direct,(none),91,134,71,0.53,6,1540.07
2025-08-30,google,organic,123,171,109,0.64,8,1938.06
2025-08-30,email,newsletter,142,203,107,0.53,9,1861.15
2025-08-30,instagram,social,106,129,71,0.55,6,1300.48
2025-08-30,google,organic,212,268,175,0.65,11,3038.43
2025-08-30,direct,(none),216,321,172,0.54,15,3800.8
2025-08-30,direct,(none),60,73,43,0.6,3,653.28
2025-08-30,google,cpc,167,235,121,0.52,8,1960.65
2025-08-31,google,cpc,43,58,37,0.64,1,280.35
2025-08-31,google,cpc,127,168,108,0.65,6,1282.53
2025-08-31,google,cpc,51,71,36,0.52,3,814.37
2025-08-31,instagram,social,120,156,82,0.53,5,1383.45
2025-08-31,tiktok,social,113,168,90,0.54,8,1717.71
2025-08-31,direct,(none),99,125,64,0.52,4,951.3
2025-08-31,instagram,social,125,174,118,0.68,7,1832.97
2025-09-01,tiktok,social,109,144,81,0.57,8,1569.13
2025-09-01,instagram,social,141,209,112,0.54,11,2244.05
2025-09-01,google,cpc,139,178,108,0.61,9,1888.85
2025-09-01,google,organic,303,417,220,0.53,18,3923.13
2025-09-01,tiktok,social,286,354,199,0.56,16,3007.86
2025-09-01,google,organic,274,381,253,0.67,17,4175.34
2025-09-01,direct,(none),193,231,133,0.58,12,3185.61
2025-09-02,google,cpc,33,44,23,0.53,0,0.0
2025-09-02,email,newsletter,37,50,34,0.68,1,318.23
2025-09-02,direct,(none),53,68,43,0.64,1,226.03
2025-09-02,google,cpc,114,165,105,0.64,4,1184.79
2025-09-02,google,organic,113,153,96,0.63,4,1049.11
2025-09-02,instagram,social,119,152,97,0.64,4,967.26
2025-09-02,direct,(none),139,187,95,0.51,3,941.46
2025-09-02,google,cpc,60,82,43,0.54,1,264.62
2025-09-02,direct,(none),81,115,74,0.65,2,466.11
2025-09-02,google,cpc,47,66,43,0.66,1,268.65
2025-09-03,email,newsletter,37,50,34,0.69,1,229.71
2025-09-03,google,cpc,110,132,67,0.51,3,893.81
2025-09-03,email,newsletter,124,177,113,0.64,3,895.12
2025-09-03,tiktok,social,87,110,64,0.58,3,760.21
2025-09-04,google,cpc,52,69,39,0.57,2,471.31
2025-09-04,google,organic,167,203,103,0.51,8,1804.88
2025-09-04,direct,(none),74,103,67,0.65,3,789.69
2025-09-04,google,organic,36,49,29,0.6,1,243.47
2025-09-04,direct,(none),140,174,113,0.65,4,970.68
2025-09-04,direct,(none),167,222,149,0.67,8,2235.25
2025-09-05,instagram,social,54,70,46,0.66,1,291.17
2025-09-05,tiktok,social,122,152,99,0.66,3,956.47
2025-09-05,tiktok,social,97,124,86,0.7,3,914.4
2025-09-05,direct,(none),127,182,118,0.65,6,1414.44
2025-09-06,email,newsletter,239,351,199,0.57,19,3580.73
2025-09-06,email,newsletter,68,98,50,0.51,4,777.14
2025-09-06,google,organic,235,340,180,0.53,18,4621.92
2025-09-06,direct,(none),239,339,182,0.54,18,4226.88
2025-09-07,google,cpc,345,495,331,0.67,26,5654.04
2025-09-07,google,cpc,70,85,63,0.75,5,1132.76
2025-09-07,instagram,social,190,238,148,0.62,13,2918.79
2025-09-07,tiktok,social,127,176,112,0.64,9,1643.29
2025-09-07,instagram,social,362,527,324,0.62,29,6796.5
2025-09-07,google,organic,137,166,96,0.58,12,2210.73
2025-09-07,tiktok,social,207,256,171,0.67,14,2924.55
2025-09-08,direct,(none),148,187,109,0.59,4,1138.08
2025-09-08,google,cpc,118,152,81,0.54,5,1215.69
2025-09-08,google,organic,152,196,99,0.51,4,1121.93
2025-09-08,instagram,social,137,182,126,0.69,4,1127.23
2025-09-08,instagram,social,83,104,53,0.51,3,723.73
2025-09-08,email,newsletter,109,155,86,0.56,4,1223.53
2025-09-09,google,cpc,76,91,56,0.62,4,897.68
2025-09-09,email,newsletter,36,45,29,0.66,2,472.71
2025-09-09,tiktok,social,238,342,202,0.59,13,3663.98
2025-09-09,google,cpc,230,328,180,0.55,14,3449.41
2025-09-09,google,cpc,59,78,53,0.69,2,411.9
2025-09-09,google,organic,192,239,144,0.61,10,2153.01
2025-09-09,instagram,social,107,151,83,0.56,6,1666.43
2025-09-09,instagram,social,108,135,74,0.55,5,1407.63
2025-09-10,google,cpc,111,145,90,0.63,4,1212.6
2025-09-10,direct,(none),125,185,103,0.56,6,1395.69
2025-09-10,instagram,social,112,147,84,0.58,4,1144.52
2025-09-10,instagram,social,78,115,70,0.61,3,766.24
2025-09-10,google,cpc,83,99,51,0.52,2,599.91
2025-09-11,google,organic,294,386,248,0.64,17,4530.34
2025-09-11,tiktok,social,119,154,96,0.62,8,1989.08
2025-09-11,instagram,social,47,65,45,0.69,2,498.29
2025-09-11,google,cpc,225,335,215,0.64,13,2876.68
2025-09-11,instagram,social,158,213,137,0.65,9,2151.25
2025-09-11,email,newsletter,115,153,83,0.54,7,1852.36
2025-09-11,instagram,social,52,75,42,0.56,3,623.68
2025-09-11,email,newsletter,186,232,131,0.57,10,2600.27
2025-09-12,tiktok,social,152,214,143,0.67,8,2041.75
2025-09-12,google,cpc,217,299,161,0.54,12,3158.25
2025-09-12,email,newsletter,94,135,80,0.6,4,838.04
2025-09-12,direct,(none),230,291,157,0.54,11,2239.53
2025-09-12,google,organic,94,128,77,0.61,4,975.76
2025-09-12,tiktok,social,142,183,101,0.56,7,1884.15
2025-09-12,google,cpc,230,307,201,0.66,11,2879.89
2025-09-12,google,cpc,230,313,185,0.59,15,4280.03
2025-09-12,email,newsletter,54,77,43,0.57,3,688.77
2025-09-12,instagram,social,174,250,171,0.68,8,1901.58
2025-09-12,tiktok,social,139,190,112,0.59,8,1673.91
2025-09-12,google,organic,108,135,85,0.63,5,1114.87
2025-09-13,tiktok,social,232,295,165,0.56,9,2443.03
2025-09-13,email,newsletter,72,95,54,0.58,3,709.56
2025-09-13,email,newsletter,118,148,81,0.55,6,1250.56
2025-09-13,email,newsletter,196,266,140,0.53,11,3190.45
2025-09-13,tiktok,social,35,51,34,0.68,1,249.43
2025-09-13,direct,(none),118,162,90,0.56,6,1496.03
2025-09-13,google,organic,161,222,154,0.7,8,1804.76
2025-09-13,google,cpc,121,172,109,0.64,7,1520.19
2025-09-14,instagram,social,224,277,191,0.69,15,3553.84
2025-09-14,tiktok,social,241,348,230,0.66,18,4343.79
2025-09-14,email,newsletter,166,244,163,0.67,12,2246.53
2025-09-14,email,newsletter,42,54,36,0.67,3,760.15
2025-09-14,tiktok,social,237,353,177,0.5,18,3702.89
2025-09-14,email,newsletter,316,404,247,0.61,23,5975.89
2025-09-14,email,newsletter,100,127,67,0.53,6,1415.17
2025-09-15,direct,(none),282,401,232,0.58,19,4712.49
2025-09-15,tiktok,social,98,142,79,0.56,6,1124.56
2025-09-15,direct,(none),246,315,207,0.66,17,4419.21
2025-09-15,direct,(none),113,147,97,0.66,8,1690.56
2025-09-15,direct,(none),55,66,43,0.66,3,677.38
2025-09-15,email,newsletter,239,349,194,0.56,20,4272.11
2025-09-15,google,organic,162,196,122,0.62,10,1877.75
2025-09-15,tiktok,social,132,190,130,0.69,8,2085.57
2025-09-15,email,newsletter,147,182,123,0.68,8,1832.43
2025-09-15,google,cpc,145,210,143,0.68,11,2816.73
2025-09-15,instagram,social,72,89,55,0.62,4,942.38
2025-09-15,google,organic,143,189,120,0.64,11,2776.39
2025-09-15,google,organic,169,247,140,0.57,11,2224.76
2025-09-15,direct,(none),124,175,89,0.51,9,2116.44
2025-09-15,direct,(none),143,177,90,0.51,11,2454.87
2025-09-15,google,cpc,111,151,79,0.53,8,1948.36
2025-09-16,email,newsletter,36,43,26,0.61,0,0.0
2025-09-16,google,cpc,104,144,85,0.59,3,892.64
2025-09-16,google,cpc,147,176,110,0.63,6,1641.22
2025-09-16,email,newsletter,44,58,33,0.57,1,314.66
2025-09-16,google,organic,47,61,35,0.59,1,305.75
2025-09-16,email,newsletter,87,127,82,0.65,2,592.38
2025-09-16,direct,(none),28,36,24,0.69,0,0.0
2025-09-17,google,organic,53,70,47,0.67,1,316.4
2025-09-17,instagram,social,105,135,93,0.69,2,587.71
2025-09-17,google,cpc,137,202,140,0.69,3,878.46
2025-09-17,instagram,social,60,86,51,0.59,2,466.06
2025-09-17,instagram,social,96,117,81,0.69,3,936.82
2025-09-17,tiktok,social,87,126,78,0.62,3,687.11
2025-09-17,email,newsletter,47,60,41,0.7,1,272.47
2025-09-17,email,newsletter,105,130,81,0.63,3,787.03
2025-09-17,direct,(none),102,152,100,0.66,3,798.74
2025-09-18,google,cpc,220,283,143,0.51,16,4025.9
2025-09-18,tiktok,social,240,348,217,0.62,17,4106.75
2025-09-18,direct,(none),303,421,262,0.62,23,6186.61
2025-09-18,direct,(none),149,210,111,0.53,11,2744.19
2025-09-18,google,cpc,236,290,145,0.5,12,2375.99
2025-09-18,instagram,social,139,190,126,0.66,8,1690.28
2025-09-18,instagram,social,274,390,237,0.61,15,3145.44
2025-09-18,google,organic,42,55,37,0.68,2,390.88
2025-09-19,google,organic,89,119,77,0.65,4,1111.83
2025-09-19,google,cpc,94,138,72,0.53,5,1114.27
2025-09-19,email,newsletter,189,256,158,0.62,8,2233.58
2025-09-19,google,organic,51,62,35,0.58,2,422.9
2025-09-19,tiktok,social,207,258,134,0.52,11,2492.38
2025-09-19,google,organic,197,244,157,0.64,8,1873.76
2025-09-19,tiktok,social,207,294,169,0.58,12,2710.72
2025-09-19,email,newsletter,249,336,234,0.7,16,3490.97
2025-09-20,google,organic,299,438,223,0.51,19,4498.52
2025-09-20,google,organic,111,156,86,0.56,8,1910.15
2025-09-20,google,cpc,94,119,62,0.53,5,1020.15
2025-09-20,instagram,social,124,161,108,0.68,8,2060.89
2025-09-20,google,cpc,188,260,169,0.65,13,2476.11
2025-09-20,tiktok,social,162,230,148,0.64,12,2443.81
2025-09-20,google,organic,231,304,197,0.65,16,3471.52
2025-09-20,google,organic,282,339,205,0.61,16,3847.99
2025-09-20,instagram,social,269,333,212,0.64,20,4928.84
2025-09-20,google,cpc,201,242,137,0.57,11,2782.49
2025-09-20,google,organic,263,344,182,0.53,17,3796.14
2025-09-20,google,organic,158,223,129,0.58,11,2821.23
2025-09-21,direct,(none),124,178,96,0.54,10,1972.29
2025-09-21,google,cpc,139,192,103,0.54,10,2325.07
2025-09-21,google,cpc,72,99,57,0.58,5,1215.25
2025-09-21,instagram,social,137,177,92,0.52,9,2040.57
2025-09-21,email,newsletter,79,114,57,0.51,5,1063.55
2025-09-21,instagram,social,168,241,127,0.53,13,3358.14
2025-09-21,google,organic,268,362,191,0.53,20,4166.65
2025-09-21,google,organic,49,68,47,0.69,3,678.74
2025-09-21,email,newsletter,205,279,165,0.59,11,2718.45
2025-09-22,direct,(none),119,148,79,0.54,4,969.38
2025-09-22,instagram,social,130,178,107,0.6,5,1144.96
2025-09-22,google,organic,134,197,133,0.68,5,1344.06
2025-09-22,tiktok,social,148,189,112,0.6,6,1744.5
2025-09-22,direct,(none),59,73,43,0.59,1,250.74
2025-09-23,direct,(none),111,138,71,0.52,2,548.35
2025-09-23,direct,(none),39,53,28,0.54,1,299.5
2025-09-23,email,newsletter,38,52,36,0.7,1,263.16
2025-09-23,direct,(none),110,157,88,0.56,4,938.94
2025-09-23,instagram,social,113,154,80,0.53,2,627.93
2025-09-23,google,cpc,59,88,44,0.5,2,512.43
2025-09-23,tiktok,social,79,104,70,0.68,2,466.62
2025-09-23,instagram,social,75,104,53,0.51,2,460.97
2025-09-23,google,organic,137,177,123,0.7,5,1507.85
2025-09-24,direct,(none),148,190,102,0.54,4,1094.37
2025-09-24,google,cpc,117,160,81,0.51,2,613.38
2025-09-24,instagram,social,40,52,31,0.61,1,253.32
2025-09-24,google,organic,99,121,71,0.59,1,244.26
2025-09-24,tiktok,social,85,122,83,0.68,3,896.49
2025-09-24,direct,(none),71,87,43,0.5,1,304.97
2025-09-25,direct,(none),143,199,117,0.59,5,1530.38
2025-09-25,email,newsletter,40,54,31,0.58,0,0.0
2025-09-25,tiktok,social,106,156,101,0.65,2,459.22
2025-09-25,instagram,social,35,51,32,0.63,1,248.72
2025-09-25,google,organic,67,86,53,0.62,1,301.48
2025-09-25,instagram,social,55,72,45,0.63,2,520.38
2025-09-25,email,newsletter,22,30,16,0.55,0,0.0
2025-09-25,direct,(none),142,185,124,0.67,3,743.89
2025-09-25,google,organic,129,157,94,0.6,4,927.49
2025-09-25,email,newsletter,148,191,133,0.7,5,1239.34
2025-09-25,email,newsletter,77,108,69,0.64,1,248.31
2025-09-26,direct,(none),64,88,51,0.58,4,861.69
2025-09-26,google,organic,248,360,202,0.56,24,5378.34
2025-09-26,instagram,social,330,427,287,0.67,25,5437.91
2025-09-26,google,cpc,279,348,239,0.69,22,3963.8
2025-09-26,tiktok,social,232,335,231,0.69,23,5251.12
2025-09-26,tiktok,social,128,182,128,0.71,9,1866.14
2025-09-26,email,newsletter,217,309,212,0.69,22,4623.67
2025-09-26,instagram,social,212,293,181,0.62,21,4151.56
2025-09-26,google,cpc,332,452,329,0.73,33,7346.22
2025-09-26,google,organic,148,178,109,0.62,12,2080.32
2025-09-26,google,cpc,76,113,77,0.68,7,1549.97
2025-09-27,email,newsletter,249,327,177,0.54,19,4788.98
2025-09-27,direct,(none),93,127,78,0.61,6,1283.05
2025-09-27,direct,(none),216,300,187,0.62,17,4404.03
2025-09-27,email,newsletter,260,383,205,0.54,18,4452.8
2025-09-27,google,organic,114,142,80,0.57,6,1113.38
2025-09-28,google,organic,248,327,244,0.75,16,3558.94
2025-09-28,instagram,social,165,224,145,0.65,15,3351.42
2025-09-28,google,cpc,102,123,73,0.6,7,1404.97
2025-09-28,tiktok,social,95,138,99,0.72,7,1322.71
2025-09-28,google,organic,351,521,353,0.68,33,7858.08
2025-09-28,google,cpc,278,372,209,0.56,20,3651.8
2025-09-28,instagram,social,156,208,147,0.71,13,2746.06
2025-09-28,instagram,social,122,149,105,0.71,8,1375.55
2025-09-28,email,newsletter,300,394,227,0.58,26,6008.25
2025-09-28,direct,(none),265,349,194,0.56,17,4052.25
2025-09-29,google,organic,91,109,63,0.58,3,803.81
2025-09-29,instagram,social,91,129,82,0.64,3,916.85
2025-09-29,instagram,social,98,136,86,0.64,3,871.47
2025-09-29,email,newsletter,139,196,135,0.69,6,1604.83
2025-09-29,google,cpc,153,226,137,0.61,8,1999.95
2025-09-29,google,organic,175,237,154,0.65,9,2352.48
2025-09-29,google,organic,93,138,78,0.57,5,1247.69
2025-09-29,tiktok,social,55,79,51,0.65,2,492.27
2025-09-30,tiktok,social,187,280,176,0.63,10,2189.02
2025-09-30,email,newsletter,102,129,68,0.53,5,1266.47
2025-09-30,direct,(none),52,72,47,0.65,3,726.25
2025-09-30,email,newsletter,147,198,136,0.69,9,2497.76
2025-09-30,tiktok,social,43,51,25,0.51,1,215.65
2025-09-30,direct,(none),179,268,182,0.68,8,1879.51
2025-09-30,direct,(none),131,180,124,0.69,7,1736.27
2025-09-30,tiktok,social,120,171,109,0.64,6,1369.18
2025-09-30,google,organic,32,43,22,0.53,1,224.69
2025-09-30,tiktok,social,48,69,41,0.6,3,795.95
2025-10-01,google,cpc,136,167,109,0.66,5,1142.95
2025-10-01,google,organic,123,177,109,0.62,6,1755.56
2025-10-01,google,organic,92,128,64,0.5,5,1087.94
2025-10-01,direct,(none),174,240,142,0.59,10,3039.42
2025-10-01,google,organic,145,189,122,0.65,4,1045.17
2025-10-01,direct,(none),107,129,85,0.66,5,1404.2
2025-10-01,instagram,social,165,206,136,0.66,4,864.4
2025-10-01,instagram,social,81,121,84,0.7,3,832.12
2025-10-02,tiktok,social,40,52,35,0.69,2,390.25
2025-10-02,instagram,social,113,161,100,0.62,8,1666.67
2025-10-02,direct,(none),246,320,219,0.69,14,3210.07
2025-10-02,google,cpc,244,309,166,0.54,17,4483.16
2025-10-03,google,organic,63,92,51,0.56,2,621.41
2025-10-03,instagram,social,104,148,88,0.6,4,941.5
2025-10-03,direct,(none),132,190,119,0.63,3,713.86
2025-10-03,email,newsletter,128,190,102,0.54,5,1319.68
2025-10-04,direct,(none),144,188,124,0.66,9,1935.51
2025-10-04,google,cpc,155,207,130,0.63,10,1989.42
2025-10-04,tiktok,social,293,368,215,0.59,23,4589.62
2025-10-04,google,cpc,88,118,80,0.68,7,1273.45
2025-10-04,tiktok,social,282,404,255,0.63,24,5432.91
2025-10-04,google,cpc,54,72,46,0.64,3,757.07
2025-10-04,tiktok,social,250,301,180,0.6,17,3769.97
2025-10-04,instagram,social,74,110,67,0.61,5,1278.48
2025-10-04,tiktok,social,140,168,99,0.59,10,1891.58
2025-10-04,tiktok,social,135,162,106,0.66,9,2059.55
2025-10-05,email,newsletter,104,134,78,0.58,9,1626.46
2025-10-05,tiktok,social,364,529,360,0.68,38,8776.03
2025-10-05,google,organic,219,322,179,0.56,20,3343.2
2025-10-05,instagram,social,176,220,158,0.72,16,2810.17
2025-10-05,direct,(none),187,237,137,0.58,16,2777.65
2025-10-05,google,cpc,359,513,325,0.63,30,5703.11
2025-10-05,email,newsletter,192,233,152,0.65,13,2552.8
2025-10-05,google,organic,372,458,333,0.73,31,6954.42
2025-10-05,google,cpc,176,224,160,0.71,16,2614.48
2025-10-05,direct,(none),128,191,123,0.65,13,2465.13
2025-10-06,google,organic,145,180,95,0.53,3,685.7
2025-10-06,direct,(none),131,173,120,0.7,3,773.79
2025-10-06,instagram,social,128,179,123,0.69,3,825.66
2025-10-06,tiktok,social,137,182,122,0.67,4,906.11
2025-10-06,direct,(none),129,176,96,0.55,3,872.63
2025-10-06,direct,(none),36,48,25,0.53,1,230.11
2025-10-06,google,cpc,70,86,54,0.64,1,314.15
2025-10-06,direct,(none),23,33,16,0.51,0,0.0
2025-10-06,google,organic,46,59,29,0.5,0,0.0
2025-10-07,google,cpc,86,123,76,0.62,3,824.43
2025-10-07,email,newsletter,52,70,42,0.6,1,299.98
2025-10-07,google,organic,128,182,108,0.6,3,837.4
2025-10-07,google,organic,37,51,33,0.67,0,0.0
2025-10-07,direct,(none),131,187,121,0.65,4,1275.34
2025-10-07,google,organic,63,84,51,0.61,1,243.98
2025-10-07,tiktok,social,121,172,86,0.51,5,1409.62
2025-10-08,google,organic,81,103,69,0.68,1,275.39
2025-10-08,google,organic,129,186,98,0.53,4,1142.07
2025-10-08,google,organic,115,158,89,0.57,2,600.25
2025-10-08,email,newsletter,89,129,75,0.58,3,741.95
2025-10-08,google,cpc,46,64,35,0.55,1,300.43
2025-10-08,email,newsletter,62,83,44,0.53,1,250.34
2025-10-08,google,cpc,136,190,107,0.56,6,1821.91
2025-10-08,tiktok,social,68,96,52,0.55,1,237.87
2025-10-08,email,newsletter,139,171,110,0.65,5,1595.1
2025-10-08,email,newsletter,24,32,22,0.7,0,0.0
2025-10-08,google,cpc,93,138,79,0.58,3,767.27
2025-10-08,google,cpc,105,131,91,0.7,4,1175.4
2025-10-08,google,cpc,141,195,110,0.57,6,1416.65
2025-10-08,google,organic,145,196,137,0.7,4,1071.75
2025-10-09,google,organic,111,160,107,0.67,4,1161.57
2025-10-09,email,newsletter,184,249,132,0.53,7,2027.3
2025-10-09,google,cpc,87,115,71,0.62,4,1038.61
2025-10-09,google,cpc,50,63,33,0.53,1,232.87
2025-10-09,email,newsletter,67,92,57,0.63,2,578.3
2025-10-09,email,newsletter,81,103,68,0.66,3,912.3
2025-10-09,direct,(none),62,77,47,0.62,2,479.8
2025-10-10,tiktok,social,110,147,86,0.59,3,804.17
2025-10-10,email,newsletter,94,120,82,0.69,2,604.31
2025-10-10,tiktok,social,51,67,38,0.58,1,294.51
2025-10-10,email,newsletter,112,153,77,0.51,3,677.85
2025-10-10,google,cpc,117,160,98,0.61,3,730.01
2025-10-10,instagram,social,42,50,33,0.67,1,294.69
2025-10-10,instagram,social,141,204,135,0.66,6,1654.82
2025-10-11,direct,(none),55,78,46,0.6,4,888.81
2025-10-11,google,cpc,117,160,108,0.68,8,1637.78
2025-10-11,google,organic,103,153,81,0.53,5,1376.85
2025-10-11,instagram,social,81,103,64,0.62,4,1022.95
2025-10-11,email,newsletter,55,67,43,0.65,3,832.73
2025-10-11,tiktok,social,67,89,57,0.65,3,685.65
2025-10-11,tiktok,social,226,319,199,0.63,16,3979.52
2025-10-11,google,organic,236,312,179,0.57,15,2996.35
2025-10-11,instagram,social,210,289,177,0.61,11,2350.49
2025-10-12,google,cpc,169,212,128,0.6,10,2087.47
2025-10-12,direct,(none),271,383,211,0.55,16,4032.0
2025-10-12,instagram,social,237,314,205,0.65,14,3368.66
2025-10-13,google,organic,182,228,119,0.52,7,1932.8
2025-10-13,direct,(none),171,232,121,0.52,9,2761.0
2025-10-13,tiktok,social,135,163,86,0.53,4,1007.65
2025-10-13,instagram,social,80,101,61,0.61,3,792.8
2025-10-13,google,cpc,185,250,159,0.64,7,1615.85
2025-10-13,email,newsletter,28,41,27,0.67,1,261.51
2025-10-14,direct,(none),152,217,110,0.51,11,2112.73
2025-10-14,instagram,social,123,170,115,0.68,9,2422.28
2025-10-14,google,cpc,266,329,212,0.65,15,3841.58
2025-10-14,google,cpc,210,277,147,0.53,13,3098.46
2025-10-14,google,cpc,245,367,226,0.62,16,4125.63
2025-10-14,google,organic,129,173,89,0.52,8,1733.47
2025-10-14,email,newsletter,266,398,263,0.66,21,4533.43
2025-10-14,direct,(none),283,375,228,0.61,20,4435.15
2025-10-14,google,cpc,205,280,173,0.62,13,3296.11
2025-10-15,google,organic,267,355,202,0.57,19,3329.67
2025-10-15,email,newsletter,225,299,208,0.7,16,3875.15
2025-10-15,google,organic,65,87,53,0.61,5,873.45
2025-10-15,google,cpc,225,275,156,0.57,19,3373.37
2025-10-15,google,cpc,160,218,153,0.71,15,3440.67
2025-10-15,google,organic,110,138,79,0.58,9,1818.31
2025-10-15,email,newsletter,225,306,175,0.57,17,3216.76
2025-10-15,google,organic,207,255,177,0.7,17,3408.41
2025-10-16,google,cpc,125,176,112,0.64,2,516.87
2025-10-16,direct,(none),106,129,66,0.52,2,491.08
2025-10-16,instagram,social,84,107,71,0.67,2,537.61
2025-10-16,direct,(none),66,80,55,0.7,1,322.72
2025-10-16,instagram,social,118,152,84,0.55,3,897.32
2025-10-16,direct,(none),66,88,51,0.59,2,602.38
2025-10-16,tiktok,social,88,127,85,0.67,3,851.45
2025-10-17,google,organic,133,159,110,0.69,3,910.11
2025-10-17,email,newsletter,31,42,21,0.51,1,243.52
2025-10-17,email,newsletter,46,56,29,0.52,1,268.06
2025-10-17,instagram,social,145,199,128,0.64,3,878.96
2025-10-17,tiktok,social,148,209,113,0.54,6,1555.72
2025-10-17,direct,(none),41,59,37,0.64,1,298.53
2025-10-17,google,organic,67,83,47,0.57,1,236.88
2025-10-17,direct,(none),115,165,87,0.53,5,1538.32
2025-10-18,email,newsletter,260,328,203,0.62,14,3237.36
2025-10-18,google,cpc,250,319,166,0.52,18,4640.6
2025-10-18,direct,(none),101,148,92,0.63,6,1511.38
2025-10-18,direct,(none),219,282,169,0.6,12,3018.32
2025-10-18,direct,(none),101,131,82,0.63,6,1441.91
2025-10-18,google,organic,41,54,35,0.66,2,383.73
2025-10-18,google,cpc,101,142,93,0.66,5,1022.01
2025-10-19,email,newsletter,64,83,55,0.67,4,921.98
2025-10-19,instagram,social,53,73,44,0.6,3,815.54
2025-10-19,email,newsletter,199,252,140,0.56,13,2961.53
2025-10-19,direct,(none),231,310,186,0.6,12,2359.73
2025-10-19,tiktok,social,259,350,209,0.6,12,2661.25
2025-10-19,instagram,social,108,139,84,0.61,7,1391.38
2025-10-19,direct,(none),69,86,43,0.5,4,942.73
2025-10-19,tiktok,social,163,227,141,0.62,9,2317.52
2025-10-19,google,organic,42,54,32,0.6,2,464.81
2025-10-19,direct,(none),94,134,71,0.53,5,1095.14
2025-10-19,google,cpc,53,69,41,0.6,3,594.29
2025-10-19,tiktok,social,224,333,168,0.51,16,4184.53
2025-10-19,direct,(none),194,281,182,0.65,10,2011.89
2025-10-20,instagram,social,205,303,202,0.67,16,3004.47
2025-10-20,google,organic,196,280,148,0.53,15,2918.72
2025-10-20,google,organic,269,380,234,0.62,22,5029.26
2025-10-20,direct,(none),111,163,90,0.56,7,1440.32
2025-10-20,instagram,social,207,272,168,0.62,16,2974.07
2025-10-20,google,organic,96,127,68,0.54,7,1776.64
2025-10-21,direct,(none),94,115,69,0.61,2,645.64
2025-10-21,tiktok,social,149,186,103,0.56,4,1112.53
2025-10-21,instagram,social,98,138,94,0.69,4,936.73
2025-10-21,direct,(none),73,105,68,0.65,2,615.18
2025-10-22,tiktok,social,353,485,328,0.68,30,5217.72
2025-10-22,google,organic,159,215,157,0.73,15,2958.29
2025-10-22,tiktok,social,327,403,301,0.75,24,5492.6
2025-10-22,google,cpc,102,145,87,0.61,9,2104.06
2025-10-22,google,organic,62,90,64,0.71,5,892.04
2025-10-22,tiktok,social,138,189,140,0.74,12,2430.25
2025-10-22,tiktok,social,353,482,273,0.57,29,5734.34
2025-10-23,email,newsletter,86,112,72,0.65,1,308.86
2025-10-23,instagram,social,48,61,38,0.63,1,321.87
2025-10-23,email,newsletter,75,111,63,0.57,3,860.1
2025-10-23,google,organic,53,66,37,0.57,2,542.67
2025-10-23,tiktok,social,72,96,57,0.6,2,563.22
2025-10-23,tiktok,social,44,63,40,0.64,2,564.65
2025-10-23,email,newsletter,115,140,84,0.6,3,681.5
2025-10-24,instagram,social,116,154,90,0.59,3,780.35
2025-10-24,google,cpc,83,105,68,0.65,1,284.02
2025-10-24,google,organic,101,148,100,0.68,4,1080.76
2025-10-24,tiktok,social,54,67,45,0.69,1,303.59
2025-10-24,email,newsletter,150,180,122,0.68,5,1371.95
2025-10-24,email,newsletter,36,48,31,0.65,0,0.0
2025-10-24,tiktok,social,134,179,113,0.63,6,1914.64
2025-10-24,email,newsletter,62,75,40,0.54,1,232.52
2025-10-24,google,organic,75,103,52,0.51,2,568.44
2025-10-24,google,cpc,127,159,104,0.66,4,1279.73
2025-10-25,instagram,social,175,249,146,0.59,13,3151.63
2025-10-25,instagram,social,204,259,180,0.7,13,2999.42
2025-10-25,instagram,social,84,104,54,0.52,5,1248.58
2025-10-25,google,cpc,153,222,124,0.56,11,2686.17
2025-10-25,tiktok,social,54,66,40,0.62,3,780.2
2025-10-25,direct,(none),183,237,135,0.57,10,2497.75
2025-10-26,tiktok,social,217,282,195,0.69,14,2921.94
2025-10-26,direct,(none),215,281,159,0.57,10,2219.87
2025-10-26,google,cpc,93,117,73,0.63,6,1231.43
2025-10-26,direct,(none),136,191,111,0.58,9,2242.98
2025-10-26,instagram,social,209,253,155,0.61,9,1856.1
2025-10-26,instagram,social,264,327,224,0.69,15,3831.19
2025-10-26,direct,(none),211,271,160,0.59,12,2472.32
2025-10-26,google,cpc,253,324,193,0.6,16,3396.21
2025-10-26,google,cpc,184,275,180,0.66,14,3181.85
2025-10-27,instagram,social,92,110,76,0.69,6,1542.26
2025-10-27,google,cpc,233,287,166,0.58,14,3402.87
2025-10-27,instagram,social,36,49,33,0.69,2,427.2
2025-10-27,tiktok,social,224,278,165,0.6,11,2385.2
2025-10-27,email,newsletter,86,114,75,0.67,4,952.07
2025-10-28,google,organic,96,121,61,0.51,6,1405.2
2025-10-28,google,cpc,96,135,76,0.57,6,1379.57
2025-10-28,google,organic,312,414,262,0.63,18,4642.04
2025-10-28,tiktok,social,164,211,130,0.62,13,2625.28
2025-10-28,instagram,social,318,406,256,0.63,19,4989.23
2025-10-28,email,newsletter,258,386,211,0.55,20,5043.03
2025-10-28,direct,(none),222,314,164,0.52,18,3531.33
2025-10-28,google,cpc,173,256,174,0.68,13,3092.01
2025-10-28,google,cpc,246,302,184,0.61,13,2839.72
2025-10-28,google,organic,136,173,104,0.6,7,1407.5
2025-10-28,direct,(none),220,315,208,0.66,18,3323.2
2025-10-28,google,cpc,173,211,137,0.65,9,2079.05
2025-10-29,email,newsletter,140,188,107,0.57,5,1306.4
2025-10-29,google,cpc,69,102,51,0.51,3,829.65
2025-10-29,tiktok,social,89,111,62,0.56,1,271.68
2025-10-29,instagram,social,28,36,25,0.7,0,0.0
2025-10-30,tiktok,social,119,161,92,0.58,4,938.63
2025-10-30,tiktok,social,77,94,65,0.69,2,646.47
2025-10-30,google,cpc,64,87,46,0.53,1,286.61
2025-10-30,instagram,social,131,182,113,0.62,4,1002.67
2025-10-30,instagram,social,95,116,70,0.6,2,582.04
2025-10-30,direct,(none),73,94,62,0.66,2,640.74
2025-10-30,email,newsletter,110,134,68,0.51,3,754.58
2025-10-30,google,cpc,128,189,107,0.57,5,1549.65
2025-10-31,direct,(none),125,177,95,0.54,6,1453.88
2025-10-31,google,organic,20,25,12,0.51,0,0.0
2025-10-31,google,cpc,20,29,15,0.53,0,0.0
2025-10-31,google,cpc,24,35,23,0.68,0,0.0
2025-10-31,instagram,social,73,103,67,0.66,3,866.8
2025-10-31,email,newsletter,67,100,63,0.63,1,309.62
2025-10-31,tiktok,social,21,27,15,0.59,0,0.0
2025-10-31,email,newsletter,107,145,85,0.59,4,1075.96
2025-10-31,email,newsletter,30,39,24,0.62,1,241.53
2025-10-31,tiktok,social,124,172,99,0.58,5,1320.62
2025-10-31,google,organic,77,112,65,0.58,3,862.65
2025-10-31,email,newsletter,57,77,48,0.63,2,645.47
2025-10-31,email,newsletter,53,74,50,0.68,1,245.84
2025-11-01,direct,(none),90,134,70,0.53,5,1194.43
2025-11-01,tiktok,social,167,228,158,0.7,11,2572.36
2025-11-01,google,organic,252,335,205,0.61,13,3089.38
2025-11-02,instagram,social,70,84,48,0.58,4,803.35
2025-11-02,email,newsletter,156,223,154,0.69,9,2280.13
2025-11-02,tiktok,social,205,267,150,0.57,15,4020.09
2025-11-02,email,newsletter,194,285,151,0.53,13,2629.75
2025-11-02,google,cpc,103,135,70,0.52,5,1105.79
2025-11-03,instagram,social,99,141,76,0.54,3,736.11
2025-11-03,google,cpc,149,208,131,0.63,4,934.08
2025-11-03,email,newsletter,42,61,35,0.59,2,577.5
2025-11-03,google,cpc,56,81,50,0.62,1,295.1
2025-11-03,google,organic,62,74,47,0.64,1,263.59
2025-11-03,google,organic,57,71,48,0.68,1,232.13
2025-11-03,email,newsletter,40,57,31,0.56,1,258.55
2025-11-03,email,newsletter,102,146,74,0.51,4,1026.15
2025-11-03,google,cpc,126,169,107,0.64,3,715.63
2025-11-03,tiktok,social,102,134,73,0.55,3,791.65
2025-11-04,google,organic,184,243,163,0.67,13,3388.84
2025-11-04,instagram,social,217,311,207,0.67,17,4108.45
2025-11-04,google,organic,186,226,157,0.7,12,2978.05
2025-11-04,google,cpc,252,334,195,0.59,16,3628.79
2025-11-04,instagram,social,160,231,118,0.51,12,2476.01
2025-11-04,direct,(none),219,283,148,0.53,12,3162.85
2025-11-05,email,newsletter,150,181,100,0.55,7,1688.09
2025-11-05,google,cpc,176,213,124,0.59,5,1164.19
2025-11-05,tiktok,social,40,49,32,0.66,1,248.28
2025-11-05,direct,(none),41,51,32,0.63,1,225.91
2025-11-05,google,cpc,54,74,48,0.66,3,662.47
2025-11-05,email,newsletter,48,61,42,0.69,2,498.17
2025-11-05,google,organic,185,237,155,0.66,7,1978.94
2025-11-05,tiktok,social,174,213,126,0.59,5,1303.76
2025-11-06,tiktok,social,88,119,69,0.58,4,1043.64
2025-11-06,email,newsletter,236,296,159,0.54,17,3947.8
2025-11-06,google,organic,62,77,48,0.63,3,713.29
2025-11-06,google,organic,173,251,158,0.63,10,1868.87
2025-11-06,google,cpc,276,341,212,0.62,15,3502.29
2025-11-07,tiktok,social,191,260,138,0.53,12,3133.25
2025-11-07,direct,(none),127,174,120,0.69,7,1340.57
2025-11-07,email,newsletter,148,193,109,0.56,8,1813.16
2025-11-07,google,cpc,218,315,211,0.67,15,4114.59
2025-11-07,email,newsletter,153,187,115,0.62,8,2039.87
2025-11-07,tiktok,social,220,311,163,0.53,15,3772.26
2025-11-07,direct,(none),248,340,203,0.6,19,5198.0
2025-11-07,tiktok,social,123,180,112,0.63,10,2470.48
2025-11-07,email,newsletter,131,188,108,0.58,10,2102.54
2025-11-07,google,cpc,129,163,96,0.59,8,1671.79
2025-11-08,google,cpc,172,213,112,0.53,10,2647.47
2025-11-08,tiktok,social,144,206,111,0.54,8,1944.15
2025-11-08,google,cpc,195,256,137,0.54,12,2459.11
2025-11-08,google,cpc,72,101,69,0.69,3,669.89
2025-11-08,email,newsletter,115,151,92,0.61,5,1368.51
2025-11-09,instagram,social,88,129,87,0.68,5,1261.57
2025-11-09,email,newsletter,76,113,70,0.63,4,836.32
2025-11-09,direct,(none),67,86,58,0.68,3,843.76
2025-11-09,google,cpc,156,229,155,0.68,7,1581.95
2025-11-09,direct,(none),201,264,141,0.53,10,2026.34
2025-11-09,instagram,social,60,87,50,0.58,3,818.93
2025-11-10,instagram,social,49,61,42,0.7,1,235.76
2025-11-10,google,cpc,172,212,147,0.7,9,2252.88
2025-11-10,tiktok,social,121,153,93,0.61,6,1481.05
2025-11-10,instagram,social,235,314,218,0.7,14,3617.43
2025-11-10,google,cpc,147,191,119,0.62,8,1711.99
2025-11-11,google,organic,114,147,91,0.62,3,766.07
2025-11-11,email,newsletter,109,162,109,0.68,3,829.38
2025-11-11,email,newsletter,101,122,70,0.58,1,234.76
2025-11-11,email,newsletter,103,153,88,0.58,4,942.32
2025-11-11,instagram,social,63,84,56,0.67,2,499.2
2025-11-11,instagram,social,110,155,86,0.56,2,477.73
2025-11-11,google,cpc,107,139,93,0.67,3,791.31
2025-11-12,instagram,social,129,162,84,0.52,4,986.54
2025-11-12,direct,(none),46,68,40,0.6,2,647.6
2025-11-12,google,organic,78,95,57,0.61,1,283.66
2025-11-12,google,cpc,24,32,22,0.7,1,276.48
2025-11-12,tiktok,social,33,42,29,0.7,1,295.96
2025-11-12,instagram,social,123,153,104,0.69,2,549.49
2025-11-12,direct,(none),29,40,27,0.69,0,0.0
2025-11-12,email,newsletter,72,95,48,0.51,2,514.51
2025-11-13,direct,(none),329,432,277,0.64,30,5615.55
2025-11-13,instagram,social,351,524,327,0.62,30,7364.6
2025-11-13,google,organic,334,450,313,0.7,29,6282.1
2025-11-13,tiktok,social,236,348,222,0.64,18,3408.83
2025-11-13,google,cpc,275,381,242,0.64,24,5046.4
2025-11-13,email,newsletter,56,70,51,0.74,3,596.01
2025-11-13,google,organic,307,417,259,0.62,25,5972.09
2025-11-13,instagram,social,261,343,223,0.65,18,3113.41
2025-11-13,google,organic,168,230,128,0.56,12,2586.26
2025-11-14,google,cpc,295,422,259,0.62,19,4239.24
2025-11-14,google,organic,262,386,261,0.68,17,4441.94
2025-11-14,instagram,social,239,311,165,0.53,13,3144.73
2025-11-14,instagram,social,153,195,117,0.6,9,1779.39
2025-11-14,email,newsletter,253,324,212,0.66,16,3806.55
2025-11-14,instagram,social,139,194,128,0.66,8,1869.03
2025-11-14,email,newsletter,162,206,141,0.69,8,2062.8
2025-11-14,instagram,social,104,147,79,0.54,8,1777.01
2025-11-15,instagram,social,235,328,166,0.51,14,3071.91
2025-11-15,direct,(none),55,77,45,0.58,2,429.03
2025-11-15,google,organic,213,257,165,0.64,12,3105.53
2025-11-15,instagram,social,202,277,155,0.56,11,2930.96
2025-11-15,direct,(none),146,202,102,0.51,8,1895.35
2025-11-15,google,cpc,77,95,49,0.52,3,784.03
2025-11-16,google,organic,276,341,221,0.65,12,3167.49
2025-11-16,direct,(none),90,125,64,0.52,6,1562.75
2025-11-16,instagram,social,200,280,146,0.52,13,3333.76
2025-11-16,instagram,social,38,48,30,0.64,1,273.48
2025-11-16,direct,(none),195,242,156,0.65,13,3407.18
2025-11-17,email,newsletter,89,128,78,0.61,5,993.31
2025-11-17,tiktok,social,82,118,72,0.61,4,1072.14
2025-11-17,direct,(none),39,57,35,0.62,2,511.55
2025-11-17,direct,(none),37,54,31,0.58,2,449.46
2025-11-17,google,cpc,130,178,114,0.65,9,2325.33
2025-11-17,tiktok,social,43,58,33,0.58,2,493.22
2025-11-17,google,cpc,41,59,30,0.52,2,543.37
2025-11-17,google,organic,58,83,54,0.66,2,485.98
2025-11-17,email,newsletter,67,100,63,0.64,4,909.49
2025-11-17,google,cpc,63,89,56,0.64,3,809.68
2025-11-17,direct,(none),240,322,192,0.6,16,3939.52
2025-11-17,tiktok,social,237,330,190,0.58,12,3354.15
2025-11-17,google,organic,137,191,129,0.68,8,2007.02
2025-11-17,tiktok,social,41,58,40,0.7,2,468.06
2025-11-17,google,cpc,245,336,202,0.6,12,3028.37
2025-11-17,google,cpc,104,137,79,0.58,6,1667.81
2025-11-18,google,organic,98,127,74,0.58,4,1169.97
2025-11-18,google,cpc,184,225,149,0.67,6,1487.55
2025-11-18,direct,(none),92,122,66,0.55,4,1205.11
2025-11-18,tiktok,social,140,193,104,0.54,6,1495.12
2025-11-18,direct,(none),122,150,102,0.68,4,897.22
2025-11-18,google,organic,63,75,50,0.68,2,455.56
2025-11-18,tiktok,social,158,231,133,0.58,8,2384.64
2025-11-19,direct,(none),75,99,65,0.66,2,645.21
2025-11-19,tiktok,social,118,172,86,0.5,4,948.46
2025-11-19,direct,(none),23,30,20,0.7,0,0.0
2025-11-19,email,newsletter,35,49,29,0.61,1,275.57
2025-11-19,tiktok,social,115,149,97,0.65,4,1180.13
2025-11-19,google,organic,70,91,55,0.61,1,269.62
2025-11-20,google,organic,144,195,120,0.62,8,1870.82
2025-11-20,google,cpc,254,313,164,0.53,11,2699.91
2025-11-20,google,cpc,254,367,229,0.63,17,4804.21
2025-11-20,direct,(none),48,60,36,0.61,2,472.95
2025-11-20,email,newsletter,127,173,119,0.69,5,1238.81
2025-11-20,tiktok,social,111,155,84,0.54,7,1578.51
2025-11-20,google,organic,130,172,118,0.69,7,1868.37
2025-11-21,google,organic,99,124,83,0.67,2,629.86
2025-11-21,direct,(none),78,94,62,0.66,2,594.85
2025-11-21,tiktok,social,84,121,73,0.6,2,645.4
2025-11-21,direct,(none),37,47,30,0.65,1,237.69
2025-11-21,instagram,social,90,119,74,0.63,2,501.34
2025-11-21,instagram,social,50,66,46,0.7,1,300.74
2025-11-21,instagram,social,75,97,59,0.62,1,254.99
2025-11-21,google,cpc,45,54,34,0.64,0,0.0
2025-11-21,google,organic,47,70,47,0.67,1,250.6
2025-11-21,email,newsletter,111,163,110,0.68,4,1162.37
2025-11-21,google,organic,55,75,48,0.65,2,621.68
2025-11-21,tiktok,social,69,85,48,0.57,2,454.52
2025-11-21,tiktok,social,59,75,47,0.63,2,642.37
2025-11-22,instagram,social,192,281,175,0.63,10,2880.2
2025-11-22,google,cpc,121,165,104,0.64,7,1498.48
2025-11-22,google,cpc,151,207,135,0.66,7,1570.8
2025-11-22,google,cpc,137,186,95,0.52,6,1699.05
2025-11-22,google,cpc,190,275,168,0.61,13,3547.75
2025-11-22,tiktok,social,222,280,154,0.55,9,2416.39
2025-11-23,instagram,social,80,107,74,0.69,4,1030.86
2025-11-23,google,cpc,76,113,67,0.6,6,1412.91
2025-11-23,google,organic,103,135,88,0.66,7,1440.8
2025-11-23,direct,(none),232,327,227,0.7,14,3504.72
2025-11-23,google,cpc,204,266,167,0.63,11,2066.01
2025-11-23,direct,(none),127,168,109,0.65,8,1913.88
2025-11-24,google,cpc,90,134,83,0.62,6,1463.14
2025-11-24,email,newsletter,64,85,52,0.61,4,1067.55
2025-11-24,google,organic,246,352,182,0.52,15,4063.65
2025-11-24,email,newsletter,166,228,158,0.69,11,2125.52
2025-11-24,email,newsletter,286,418,257,0.62,21,4691.52
2025-11-24,tiktok,social,88,106,59,0.56,4,953.84
2025-11-24,google,organic,211,259,144,0.56,12,2922.57
2025-11-24,direct,(none),158,233,152,0.65,11,2081.33
2025-11-24,google,organic,78,109,58,0.54,6,1517.49
2025-11-24,tiktok,social,45,65,37,0.58,3,583.56
2025-11-25,instagram,social,74,105,59,0.56,6,1143.75
2025-11-25,google,organic,155,218,145,0.67,12,2419.59
2025-11-26,direct,(none),77,92,56,0.61,2,617.66
2025-11-26,direct,(none),126,175,114,0.65,4,1275.23
2025-11-26,direct,(none),67,83,46,0.56,2,645.47
2025-11-26,email,newsletter,92,114,66,0.59,2,571.73
2025-11-26,google,cpc,149,205,108,0.53,7,1865.59
2025-11-26,instagram,social,94,113,78,0.69,3,917.31
2025-11-26,direct,(none),145,184,117,0.64,5,1501.52
2025-11-26,direct,(none),50,70,35,0.51,2,587.21
2025-11-26,tiktok,social,115,169,94,0.56,2,642.21
2025-11-26,tiktok,social,73,95,58,0.61,3,687.57
2025-11-27,google,organic,133,181,98,0.55,5,1283.39
2025-11-27,tiktok,social,116,170,85,0.5,2,485.76
2025-11-27,instagram,social,40,56,37,0.67,1,304.63
2025-11-27,tiktok,social,42,62,36,0.59,1,250.38
2025-11-27,email,newsletter,50,60,36,0.61,1,311.47
2025-11-27,google,organic,130,189,112,0.6,3,684.99
2025-11-27,direct,(none),58,80,52,0.66,2,546.65
2025-11-27,tiktok,social,134,190,118,0.62,3,797.39
2025-11-27,instagram,social,39,48,28,0.6,1,263.23
2025-11-28,google,cpc,31,39,25,0.66,0,0.0
2025-11-28,instagram,social,47,69,43,0.63,1,308.32
2025-11-28,tiktok,social,125,156,96,0.62,4,1176.96
2025-11-28,tiktok,social,92,133,71,0.54,2,550.93
2025-11-28,direct,(none),43,64,43,0.67,1,246.11
2025-11-28,email,newsletter,61,89,54,0.61,2,458.58
2025-11-28,direct,(none),99,122,63,0.52,2,557.7
2025-11-28,direct,(none),92,110,55,0.51,1,242.2
2025-11-28,email,newsletter,129,159,92,0.58,4,1129.12
2025-11-28,google,cpc,114,150,104,0.7,2,574.48
2025-11-29,direct,(none),108,147,92,0.63,7,1753.31
2025-11-29,email,newsletter,104,155,98,0.63,7,1913.81
2025-11-29,tiktok,social,231,315,217,0.69,17,4358.86
2025-11-29,google,cpc,121,155,101,0.66,6,1320.0
2025-11-29,google,organic,76,98,56,0.57,4,870.62
2025-11-29,google,cpc,231,308,159,0.52,11,2293.8
2025-11-29,email,newsletter,256,355,205,0.58,16,3425.3
2025-11-29,direct,(none),144,182,114,0.63,9,2063.53
2025-11-30,email,newsletter,134,174,102,0.59,7,1657.08
2025-11-30,instagram,social,200,284,143,0.51,10,2427.49
2025-11-30,tiktok,social,161,230,124,0.54,9,1809.86
2025-11-30,tiktok,social,104,131,69,0.53,6,1166.8
2025-11-30,google,organic,200,292,185,0.64,10,1947.21
2025-11-30,google,cpc,119,157,79,0.5,6,1324.79
2025-11-30,tiktok,social,60,89,53,0.6,4,834.59
2025-11-30,direct,(none),103,139,84,0.6,6,1533.2
2025-11-30,tiktok,social,57,82,43,0.53,2,397.14
2025-12-01,google,cpc,114,164,114,0.7,4,1080.14
2025-12-01,google,organic,145,193,111,0.58,6,1630.02
2025-12-01,direct,(none),45,58,32,0.56,0,0.0
2025-12-01,direct,(none),87,126,73,0.59,3,775.68
2025-12-01,tiktok,social,118,154,83,0.54,4,1260.25
2025-12-01,direct,(none),38,53,32,0.61,0,0.0
2025-12-01,google,cpc,94,116,74,0.64,1,288.78
2025-12-01,instagram,social,119,178,114,0.64,4,1256.38
2025-12-01,instagram,social,75,104,70,0.68,1,227.86
2025-12-01,google,organic,89,107,55,0.52,2,587.75
2025-12-02,tiktok,social,353,524,362,0.69,28,6261.7
2025-12-02,google,organic,82,120,83,0.69,7,1546.18
2025-12-02,google,organic,353,465,323,0.69,24,4714.98
2025-12-02,google,organic,268,338,231,0.68,19,3940.49
2025-12-02,tiktok,social,131,178,129,0.73,11,2079.86
2025-12-02,google,organic,87,130,87,0.67,7,1373.3
2025-12-02,email,newsletter,229,338,194,0.58,23,4981.33
2025-12-02,google,organic,161,233,166,0.71,15,3406.81
2025-12-02,email,newsletter,122,173,129,0.75,12,2584.42
2025-12-02,direct,(none),168,204,137,0.67,12,2532.44
2025-12-02,google,cpc,226,278,177,0.64,19,4003.15
2025-12-02,tiktok,social,112,160,113,0.71,11,2439.02
2025-12-02,tiktok,social,312,397,218,0.55,20,3799.71
2025-12-03,direct,(none),55,78,53,0.69,4,1008.79
2025-12-03,email,newsletter,209,266,158,0.6,12,2450.82
2025-12-03,email,newsletter,115,162,110,0.68,8,1747.89
2025-12-03,tiktok,social,196,238,161,0.68,13,3098.58
2025-12-03,instagram,social,70,89,55,0.62,4,1008.18
2025-12-03,tiktok,social,196,270,161,0.6,15,2987.38
2025-12-03,google,organic,124,151,93,0.62,9,2232.31
2025-12-03,direct,(none),111,163,103,0.63,7,1509.0
2025-12-03,google,cpc,199,285,172,0.6,12,2980.62
2025-12-03,google,cpc,104,152,100,0.66,9,1710.72
2025-12-03,google,cpc,261,339,190,0.56,18,4556.01
2025-12-04,instagram,social,224,311,174,0.56,14,2844.64
2025-12-04,email,newsletter,137,198,99,0.5,7,1757.98
2025-12-04,instagram,social,197,245,152,0.62,10,2821.61
2025-12-04,google,cpc,204,252,149,0.6,8,1670.02
2025-12-04,direct,(none),235,294,160,0.55,12,2412.49
2025-12-04,instagram,social,202,287,187,0.65,9,2309.52
2025-12-05,direct,(none),113,157,102,0.65,4,1269.27
2025-12-05,google,organic,114,145,90,0.62,2,584.52
2025-12-05,tiktok,social,69,102,56,0.56,3,675.97
2025-12-05,instagram,social,50,69,37,0.54,2,530.67
2025-12-05,direct,(none),21,26,17,0.69,0,0.0
2025-12-05,instagram,social,102,128,76,0.6,1,292.1
2025-12-05,instagram,social,75,92,64,0.7,2,529.36
2025-12-06,google,cpc,264,336,193,0.58,21,3931.18
2025-12-06,direct,(none),241,334,240,0.72,17,4184.51
2025-12-06,google,organic,302,389,242,0.62,23,4634.18
2025-12-06,tiktok,social,54,79,51,0.65,4,738.16
2025-12-07,google,cpc,187,264,184,0.7,12,2766.13
2025-12-07,instagram,social,198,284,195,0.69,15,3547.79
2025-12-07,email,newsletter,64,93,60,0.65,3,669.05
2025-12-07,instagram,social,239,300,189,0.63,14,2798.86
2025-12-07,google,organic,104,134,76,0.57,5,1216.15
2025-12-07,direct,(none),64,90,55,0.62,3,643.88
2025-12-08,email,newsletter,124,177,122,0.69,5,1300.63
2025-12-08,email,newsletter,219,280,189,0.68,12,3192.14
2025-12-08,instagram,social,113,149,82,0.55,5,1129.74
2025-12-08,google,cpc,60,84,55,0.66,3,697.38
2025-12-08,google,cpc,68,95,50,0.53,4,1074.13
2025-12-08,email,newsletter,136,164,110,0.67,6,1569.58
2025-12-08,instagram,social,83,111,70,0.64,5,1193.41
2025-12-08,direct,(none),59,77,41,0.53,3,696.04
2025-12-09,google,organic,91,132,72,0.55,3,909.89
2025-12-09,instagram,social,69,90,61,0.68,2,523.13
2025-12-09,tiktok,social,110,153,104,0.68,5,1562.14
2025-12-09,google,organic,115,142,85,0.6,4,1048.42
2025-12-09,tiktok,social,89,121,60,0.5,2,500.2
2025-12-09,email,newsletter,137,177,91,0.52,4,1280.32
2025-12-09,instagram,social,73,100,53,0.54,1,302.17
2025-12-09,direct,(none),86,126,84,0.67,2,522.35
2025-12-09,google,organic,140,173,106,0.61,4,1106.97
2025-12-09,tiktok,social,84,119,80,0.68,2,613.59
2025-12-10,tiktok,social,72,89,51,0.57,2,470.66
2025-12-10,google,organic,38,48,28,0.59,1,229.53
2025-12-10,email,newsletter,66,84,46,0.55,2,620.34
2025-12-10,email,newsletter,59,85,44,0.53,2,584.94
2025-12-10,tiktok,social,28,39,21,0.54,0,0.0
2025-12-10,instagram,social,78,108,63,0.59,1,320.96
2025-12-10,instagram,social,52,67,44,0.66,1,299.38
2025-12-10,google,cpc,142,176,105,0.6,3,795.37
2025-12-10,google,organic,102,130,76,0.59,4,1135.1
2025-12-11,google,cpc,87,125,84,0.68,2,646.98
2025-12-11,google,cpc,33,46,30,0.67,0,0.0
2025-12-11,email,newsletter,130,184,106,0.58,4,1219.7
2025-12-11,google,organic,84,109,62,0.57,2,480.51
2025-12-11,tiktok,social,127,158,107,0.68,5,1429.94
2025-12-11,tiktok,social,89,107,56,0.53,3,722.88
2025-12-11,google,cpc,120,157,79,0.51,5,1235.4
2025-12-11,instagram,social,108,147,98,0.67,3,727.42
2025-12-11,email,newsletter,26,36,20,0.57,1,259.48
2025-12-11,google,organic,24,35,22,0.63,1,277.37
2025-12-11,google,cpc,67,97,57,0.59,1,290.19
2025-12-11,google,organic,108,135,87,0.65,4,943.6
2025-12-12,tiktok,social,149,180,116,0.65,7,1939.94
2025-12-12,instagram,social,58,81,45,0.57,3,813.87
2025-12-12,email,newsletter,114,146,91,0.63,5,1214.67
2025-12-12,email,newsletter,126,181,109,0.61,7,1864.28
2025-12-12,instagram,social,242,301,161,0.54,15,3937.27
2025-12-12,tiktok,social,250,340,231,0.68,15,4034.49
2025-12-12,google,cpc,138,193,118,0.61,10,2023.46
2025-12-12,instagram,social,123,179,98,0.55,9,2483.2
2025-12-12,google,organic,47,58,34,0.6,2,424.09
2025-12-12,email,newsletter,174,247,154,0.63,11,2388.23
2025-12-12,direct,(none),97,128,72,0.57,6,1613.17
2025-12-13,tiktok,social,90,134,77,0.58,7,1611.93
2025-12-13,google,organic,66,82,44,0.55,3,786.08
2025-12-13,tiktok,social,72,87,53,0.61,4,983.04
2025-12-13,google,cpc,117,166,103,0.62,6,1188.94
2025-12-13,direct,(none),64,86,59,0.7,4,1009.22
2025-12-13,tiktok,social,199,249,160,0.64,11,2300.66
2025-12-13,google,cpc,60,85,48,0.57,4,949.39
2025-12-13,google,cpc,111,152,77,0.51,6,1408.68
2025-12-13,direct,(none),185,261,162,0.62,12,2526.77
2025-12-13,tiktok,social,98,138,74,0.54,6,1404.5
2025-12-14,tiktok,social,192,237,131,0.55,12,3240.72
2025-12-14,tiktok,social,91,129,77,0.6,5,1272.8
2025-12-14,google,organic,96,143,91,0.64,5,1314.65
2025-12-14,email,newsletter,79,102,61,0.6,4,883.43
2025-12-14,google,organic,194,252,160,0.64,8,2037.3
2025-12-14,tiktok,social,180,267,173,0.65,9,2334.86
2025-12-15,direct,(none),116,169,98,0.58,3,913.45
2025-12-15,google,organic,75,104,56,0.54,2,603.0
2025-12-15,tiktok,social,21,30,16,0.54,0,0.0
2025-12-15,google,cpc,74,102,51,0.5,1,260.23
2025-12-15,instagram,social,32,39,21,0.55,0,0.0
2025-12-15,direct,(none),129,167,108,0.65,3,960.21
2025-12-16,instagram,social,93,112,71,0.64,2,496.1
2025-12-16,direct,(none),36,47,26,0.56,1,263.93
2025-12-17,email,newsletter,87,114,62,0.55,2,463.22
2025-12-17,email,newsletter,74,98,49,0.5,1,279.36
2025-12-17,google,organic,118,154,98,0.64,4,1246.15
2025-12-17,google,organic,97,125,81,0.65,2,491.13
2025-12-17,google,organic,73,94,48,0.51,3,880.59
2025-12-17,google,cpc,122,182,113,0.62,5,1260.33
2025-12-17,email,newsletter,141,173,87,0.5,5,1415.91
2025-12-17,tiktok,social,149,185,122,0.66,6,1716.85
2025-12-17,instagram,social,59,73,45,0.62,2,597.88
2025-12-17,tiktok,social,112,135,75,0.56,2,626.99
2025-12-17,tiktok,social,56,81,43,0.54,2,458.68
2025-12-18,direct,(none),103,130,82,0.64,2,553.02
2025-12-18,email,newsletter,86,103,65,0.64,2,547.82
2025-12-18,google,cpc,26,34,18,0.54,1,234.06
2025-12-18,email,newsletter,62,90,62,0.7,1,265.06
2025-12-18,email,newsletter,40,51,27,0.54,0,0.0
2025-12-18,google,cpc,49,60,37,0.62,2,512.49
2025-12-19,direct,(none),25,35,21,0.62,0,0.0
2025-12-19,email,newsletter,121,170,116,0.69,3,865.64
2025-12-19,instagram,social,98,127,64,0.51,2,611.73
2025-12-19,tiktok,social,110,151,95,0.64,5,1454.62
2025-12-19,direct,(none),27,40,23,0.6,0,0.0
2025-12-19,google,cpc,23,32,21,0.68,0,0.0
2025-12-19,google,cpc,60,78,43,0.55,2,639.02
2025-12-19,instagram,social,120,145,98,0.68,4,1238.47
2025-12-19,google,organic,136,193,112,0.58,4,901.7
2025-12-19,instagram,social,22,31,16,0.53,0,0.0
2025-12-19,email,newsletter,76,103,57,0.56,2,479.77
2025-12-20,email,newsletter,95,115,80,0.7,5,1000.75
2025-12-20,tiktok,social,58,78,49,0.64,3,813.84
2025-12-20,tiktok,social,239,330,182,0.55,14,2960.63
2025-12-20,google,organic,55,75,39,0.53,4,915.51
2025-12-20,tiktok,social,93,136,86,0.63,6,1172.41
2025-12-20,tiktok,social,214,309,204,0.66,16,3315.93
2025-12-20,google,cpc,45,66,37,0.58,3,752.82
2025-12-20,google,organic,55,71,41,0.59,3,794.08
2025-12-21,email,newsletter,83,119,65,0.55,5,1331.27
2025-12-21,direct,(none),78,101,51,0.51,4,969.47
2025-12-21,direct,(none),233,347,186,0.54,10,2304.55
2025-12-21,instagram,social,67,90,47,0.53,3,724.29
2025-12-21,instagram,social,145,175,118,0.68,6,1748.84
2025-12-21,direct,(none),60,80,50,0.63,2,516.44
2025-12-21,direct,(none),83,115,72,0.63,5,1446.85
2025-12-21,google,cpc,144,177,90,0.51,5,1067.32
2025-12-21,instagram,social,238,330,224,0.68,10,2592.26
2025-12-21,direct,(none),190,274,137,0.5,8,1883.06
2025-12-22,email,newsletter,184,236,140,0.59,11,2295.25
2025-12-22,google,organic,44,61,31,0.51,3,619.95
2025-12-22,google,cpc,126,164,86,0.53,7,1927.38
2025-12-22,email,newsletter,270,375,261,0.7,19,4698.26
2025-12-22,instagram,social,184,272,144,0.53,11,2273.6
2025-12-22,google,cpc,66,81,43,0.54,3,588.45
2025-12-22,google,cpc,196,242,134,0.56,10,2254.45
2025-12-22,tiktok,social,53,69,46,0.68,3,685.96
2025-12-22,instagram,social,138,199,120,0.6,10,2291.6
2025-12-22,google,organic,246,364,186,0.51,20,5053.36
2025-12-23,tiktok,social,133,173,103,0.6,4,1223.78
2025-12-23,instagram,social,123,152,96,0.63,3,841.02
2025-12-23,tiktok,social,80,117,66,0.57,3,932.07
2025-12-23,email,newsletter,59,76,47,0.62,1,282.82
2025-12-23,email,newsletter,132,178,99,0.56,4,938.95
2025-12-23,tiktok,social,27,33,17,0.52,0,0.0
2025-12-23,instagram,social,123,161,101,0.63,5,1393.97
2025-12-23,instagram,social,82,104,63,0.61,3,934.14
2025-12-23,email,newsletter,40,59,31,0.53,1,291.44
2025-12-23,instagram,social,139,198,130,0.66,6,1534.48
2025-12-23,email,newsletter,29,35,24,0.69,0,0.0
2025-12-23,direct,(none),127,183,124,0.68,4,1190.51
2025-12-24,instagram,social,314,389,222,0.57,23,5045.81
2025-12-24,google,organic,56,77,48,0.63,4,666.14
2025-12-24,google,cpc,320,437,319,0.73,27,6394.4
2025-12-24,google,cpc,130,163,94,0.58,9,2115.77
2025-12-24,direct,(none),145,184,136,0.74,11,2623.96
2025-12-24,instagram,social,322,446,291,0.65,31,6086.43
2025-12-24,tiktok,social,225,327,196,0.6,18,3052.93
2025-12-24,email,newsletter,171,241,150,0.63,15,3578.51
2025-12-24,tiktok,social,381,491,367,0.75,28,6620.08
2025-12-24,google,organic,248,300,173,0.58,19,4136.41
2025-12-24,direct,(none),358,463,330,0.71,32,5380.33
2025-12-24,google,organic,84,107,64,0.6,7,1542.61
2025-12-24,google,organic,79,96,59,0.62,7,1431.96
2025-12-25,direct,(none),57,75,48,0.64,2,613.66
2025-12-25,direct,(none),127,180,100,0.56,4,1194.42
2025-12-25,google,organic,136,192,106,0.56,3,692.99
2025-12-25,google,cpc,71,106,69,0.65,2,471.88
2025-12-25,google,organic,28,36,24,0.67,0,0.0
2025-12-25,google,organic,116,146,78,0.54,2,470.54
2025-12-25,google,organic,27,35,22,0.65,1,291.85
2025-12-25,google,cpc,71,88,50,0.57,2,462.0
2025-12-26,google,cpc,73,97,66,0.68,2,542.24
2025-12-26,tiktok,social,54,73,40,0.56,2,455.44
2025-12-26,google,organic,72,107,67,0.63,2,599.55
2025-12-26,google,cpc,43,52,26,0.5,1,228.02
2025-12-26,google,organic,56,70,39,0.56,1,246.06
2025-12-26,tiktok,social,135,192,107,0.56,4,1055.08
2025-12-26,google,organic,136,192,130,0.68,6,1380.15
2025-12-27,direct,(none),51,73,38,0.53,3,640.87
2025-12-27,google,cpc,229,336,232,0.69,14,3468.99
2025-12-27,google,organic,176,221,139,0.63,8,1894.72
2025-12-27,direct,(none),96,119,65,0.55,6,1224.82
2025-12-27,tiktok,social,74,96,50,0.53,3,766.06
2025-12-27,google,cpc,174,252,159,0.63,11,3041.51
2025-12-27,google,organic,261,350,176,0.5,17,4648.08
2025-12-27,instagram,social,256,313,169,0.54,14,3428.14
2025-12-28,instagram,social,209,274,147,0.54,9,2099.96
2025-12-28,direct,(none),67,92,57,0.62,4,1128.15
2025-12-28,tiktok,social,242,295,197,0.67,9,2026.36
2025-12-28,instagram,social,199,244,161,0.66,12,2744.51
2025-12-28,google,organic,46,65,37,0.57,2,424.69
2025-12-28,google,cpc,146,214,132,0.62,7,1432.25
2025-12-28,instagram,social,99,138,75,0.55,5,1305.62
2025-12-29,direct,(none),78,110,70,0.64,3,781.11
2025-12-29,google,organic,193,276,139,0.51,10,3054.11
2025-12-29,instagram,social,162,228,152,0.67,7,2061.18
2025-12-30,google,organic,206,302,174,0.58,10,2471.56
2025-12-30,direct,(none),38,48,29,0.61,1,255.61
2025-12-30,tiktok,social,131,180,96,0.54,8,2165.36
2025-12-30,email,newsletter,150,193,108,0.56,7,2010.12
2025-12-30,google,organic,62,77,43,0.56,3,773.71
2025-12-30,instagram,social,67,94,60,0.64,3,732.32
2025-12-30,google,cpc,123,158,100,0.64,4,1145.88
2025-12-30,instagram,social,209,261,135,0.52,12,2804.3
2025-12-30,direct,(none),134,187,105,0.57,6,1264.42
2025-12-30,direct,(none),187,271,188,0.7,10,2496.2
2025-12-31,email,newsletter,154,185,104,0.56,9,1950.01
2025-12-31,direct,(none),142,206,123,0.6,7,1928.87
2025-12-31,google,cpc,36,43,27,0.65,1,244.59
2025-12-31,tiktok,social,149,199,132,0.67,7,1635.21
2025-12-31,email,newsletter,215,262,168,0.64,13,3020.73
2026-01-01,google,organic,162,220,138,0.63,8,1961.73
2026-01-01,tiktok,social,240,305,165,0.54,11,2707.98
2026-01-01,direct,(none),59,72,36,0.51,3,744.65
2026-01-01,instagram,social,154,213,119,0.56,6,1378.14
2026-01-01,direct,(none),224,332,228,0.69,16,3636.3
2026-01-02,direct,(none),43,52,34,0.67,1,242.29
2026-01-02,direct,(none),55,72,40,0.56,1,271.88
2026-01-02,direct,(none),80,100,63,0.63,2,467.51
2026-01-02,google,cpc,104,142,78,0.55,3,840.44
2026-01-02,google,organic,22,32,16,0.52,0,0.0
2026-01-03,email,newsletter,217,308,171,0.56,13,3255.74
2026-01-03,google,cpc,252,327,207,0.63,11,2564.83
2026-01-03,tiktok,social,56,71,43,0.61,3,637.18
2026-01-03,direct,(none),151,215,123,0.57,7,1595.5
2026-01-03,google,organic,67,90,54,0.61,4,857.81
2026-01-03,direct,(none),211,264,139,0.53,12,2475.52
2026-01-03,email,newsletter,89,108,72,0.67,4,891.66
2026-01-03,tiktok,social,80,96,59,0.62,4,790.96
2026-01-03,google,cpc,195,283,157,0.56,14,3057.38
2026-01-03,google,organic,145,187,122,0.66,7,1910.55
2026-01-04,email,newsletter,242,312,156,0.5,11,2692.48
2026-01-04,direct,(none),116,153,88,0.58,5,1179.02
2026-01-04,google,organic,77,105,61,0.58,4,966.99
2026-01-04,google,organic,180,248,134,0.54,9,1905.04
2026-01-04,direct,(none),68,88,49,0.57,4,796.25
2026-01-04,tiktok,social,103,125,85,0.68,4,843.86
2026-01-04,email,newsletter,39,47,30,0.64,1,283.09
2026-01-05,tiktok,social,127,164,101,0.62,6,1410.98
2026-01-05,direct,(none),32,39,20,0.52,1,265.74
2026-01-05,google,organic,68,95,60,0.64,3,924.62
2026-01-05,google,organic,193,284,165,0.58,7,1543.14
2026-01-06,google,organic,28,38,24,0.63,0,0.0
2026-01-06,direct,(none),146,200,108,0.54,3,974.51
2026-01-06,google,cpc,93,135,85,0.63,3,862.88
2026-01-06,direct,(none),91,109,63,0.58,3,931.13
2026-01-06,email,newsletter,66,81,48,0.6,1,306.85
2026-01-06,direct,(none),138,187,103,0.55,4,1138.97
2026-01-06,instagram,social,109,140,91,0.65,4,1114.09
2026-01-06,email,newsletter,34,43,26,0.61,1,316.42
2026-01-07,google,organic,85,108,73,0.68,1,299.03
2026-01-07,google,organic,99,124,78,0.63,4,1046.32
2026-01-07,google,organic,69,89,61,0.69,2,632.39
2026-01-07,google,cpc,109,161,101,0.63,3,774.4
2026-01-07,google,organic,37,50,34,0.69,1,264.71
2026-01-07,tiktok,social,103,137,68,0.5,4,994.33
2026-01-08,google,organic,189,274,188,0.69,14,2830.71
2026-01-08,tiktok,social,86,105,69,0.66,4,834.86
2026-01-08,instagram,social,171,243,138,0.57,9,2360.88
2026-01-08,tiktok,social,229,282,167,0.6,13,3115.78
2026-01-08,email,newsletter,117,169,117,0.69,9,2144.97
2026-01-09,direct,(none),349,440,324,0.74,25,5397.18
2026-01-09,email,newsletter,211,270,168,0.62,14,2629.66
2026-01-09,tiktok,social,302,441,314,0.71,22,4376.48
2026-01-09,instagram,social,76,110,64,0.59,6,1331.87
2026-01-09,instagram,social,204,252,148,0.59,16,2811.01
2026-01-09,direct,(none),337,437,241,0.55,23,4674.93
2026-01-09,instagram,social,235,307,230,0.75,17,4213.58
2026-01-09,google,cpc,161,213,140,0.66,10,1796.58
2026-01-09,google,organic,173,236,131,0.56,12,2822.94
2026-01-09,google,organic,78,99,62,0.64,6,1369.01
2026-01-09,direct,(none),349,438,265,0.61,23,5348.94
2026-01-09,direct,(none),357,530,373,0.71,31,7264.12
2026-01-09,direct,(none),304,382,246,0.64,19,3931.37
2026-01-10,email,newsletter,46,60,30,0.5,2,535.99
2026-01-10,direct,(none),256,335,197,0.59,18,4094.78
2026-01-10,instagram,social,96,121,67,0.56,5,1127.94
2026-01-10,google,organic,147,206,127,0.62,12,2294.63
2026-01-10,google,cpc,234,286,170,0.6,13,2904.34
2026-01-10,google,cpc,270,357,184,0.52,18,3941.75
2026-01-10,instagram,social,137,180,90,0.5,8,1694.37
2026-01-10,direct,(none),208,299,178,0.6,13,3383.26
2026-01-10,email,newsletter,62,87,53,0.61,5,1028.87
2026-01-11,google,cpc,115,154,103,0.67,6,1219.77
2026-01-11,tiktok,social,126,165,113,0.69,7,1813.79
2026-01-11,direct,(none),197,239,125,0.52,10,2594.56
2026-01-11,instagram,social,238,348,193,0.56,18,4904.93
2026-01-11,email,newsletter,138,202,112,0.56,9,2491.79
2026-01-11,google,cpc,202,269,138,0.52,10,2622.85
2026-01-11,google,organic,204,290,163,0.56,15,3641.92
2026-01-11,tiktok,social,215,321,190,0.59,12,2589.86
2026-01-12,instagram,social,29,40,21,0.53,0,0.0
2026-01-12,google,organic,125,157,96,0.62,4,1158.65
2026-01-12,google,cpc,36,50,25,0.51,1,257.64
2026-01-12,google,organic,68,85,55,0.65,1,283.92
2026-01-12,google,cpc,132,182,93,0.51,6,1653.19
2026-01-12,google,organic,89,121,67,0.56,1,303.26
2026-01-13,direct,(none),250,373,260,0.7,21,4911.84
2026-01-13,google,cpc,207,255,161,0.63,11,2361.47
2026-01-13,instagram,social,90,116,63,0.55,5,1024.46
2026-01-13,email,newsletter,54,70,47,0.68,3,756.13
2026-01-13,email,newsletter,131,179,104,0.58,8,2097.19
2026-01-13,tiktok,social,197,266,168,0.63,10,2698.75
2026-01-13,google,organic,266,361,238,0.66,19,4023.86
2026-01-13,direct,(none),174,242,168,0.7,12,3018.46
